DATE,TAG,POSTS
"2008-07-01 00:00:00","c#","3"
"2008-08-01 00:00:00","assembly","8"
"2008-08-01 00:00:00","javascript","163"
"2008-08-01 00:00:00","c","84"
"2008-08-01 00:00:00","python","124"
"2008-08-01 00:00:00","perl","28"
"2008-08-01 00:00:00","c#","507"
"2008-08-01 00:00:00","c++","164"
"2008-08-01 00:00:00","java","222"
"2008-08-01 00:00:00","delphi","14"
"2008-08-01 00:00:00","ruby","71"
"2008-08-01 00:00:00","php","160"
"2008-09-01 00:00:00","c","320"
"2008-09-01 00:00:00","delphi","105"
"2008-09-01 00:00:00","assembly","28"
"2008-09-01 00:00:00","javascript","639"
"2008-09-01 00:00:00","java","1136"
"2008-09-01 00:00:00","c#","1648"
"2008-09-01 00:00:00","perl","131"
"2008-09-01 00:00:00","python","540"
"2008-09-01 00:00:00","r","6"
"2008-09-01 00:00:00","c++","754"
"2008-09-01 00:00:00","php","480"
"2008-09-01 00:00:00","ruby","288"
"2008-10-01 00:00:00","delphi","112"
"2008-10-01 00:00:00","java","1154"
"2008-10-01 00:00:00","assembly","15"
"2008-10-01 00:00:00","c#","1990"
"2008-10-01 00:00:00","perl","127"
"2008-10-01 00:00:00","c","303"
"2008-10-01 00:00:00","php","615"
"2008-10-01 00:00:00","python","510"
"2008-10-01 00:00:00","javascript","726"
"2008-10-01 00:00:00","c++","810"
"2008-10-01 00:00:00","ruby","249"
"2008-11-01 00:00:00","assembly","17"
"2008-11-01 00:00:00","c#","1733"
"2008-11-01 00:00:00","python","452"
"2008-11-01 00:00:00","c","259"
"2008-11-01 00:00:00","java","958"
"2008-11-01 00:00:00","delphi","141"
"2008-11-01 00:00:00","c++","734"
"2008-11-01 00:00:00","javascript","579"
"2008-11-01 00:00:00","perl","97"
"2008-11-01 00:00:00","php","503"
"2008-11-01 00:00:00","ruby","159"
"2008-11-01 00:00:00","r","1"
"2008-12-01 00:00:00","javascript","626"
"2008-12-01 00:00:00","assembly","17"
"2008-12-01 00:00:00","c","189"
"2008-12-01 00:00:00","c#","1595"
"2008-12-01 00:00:00","java","830"
"2008-12-01 00:00:00","php","480"
"2008-12-01 00:00:00","c++","632"
"2008-12-01 00:00:00","delphi","134"
"2008-12-01 00:00:00","r","1"
"2008-12-01 00:00:00","python","440"
"2008-12-01 00:00:00","perl","134"
"2008-12-01 00:00:00","ruby","161"
"2009-01-01 00:00:00","delphi","164"
"2009-01-01 00:00:00","r","8"
"2009-01-01 00:00:00","php","635"
"2009-01-01 00:00:00","java","1150"
"2009-01-01 00:00:00","c#","2378"
"2009-01-01 00:00:00","assembly","22"
"2009-01-01 00:00:00","c++","852"
"2009-01-01 00:00:00","c","321"
"2009-01-01 00:00:00","ruby","207"
"2009-01-01 00:00:00","perl","148"
"2009-01-01 00:00:00","swift","1"
"2009-01-01 00:00:00","javascript","792"
"2009-01-01 00:00:00","python","631"
"2009-02-01 00:00:00","javascript","948"
"2009-02-01 00:00:00","perl","165"
"2009-02-01 00:00:00","python","629"
"2009-02-01 00:00:00","c","332"
"2009-02-01 00:00:00","c#","2599"
"2009-02-01 00:00:00","assembly","37"
"2009-02-01 00:00:00","java","1208"
"2009-02-01 00:00:00","c++","843"
"2009-02-01 00:00:00","r","9"
"2009-02-01 00:00:00","ruby","287"
"2009-02-01 00:00:00","delphi","167"
"2009-02-01 00:00:00","swift","1"
"2009-02-01 00:00:00","php","766"
"2009-03-01 00:00:00","assembly","24"
"2009-03-01 00:00:00","javascript","1006"
"2009-03-01 00:00:00","c#","3163"
"2009-03-01 00:00:00","c","431"
"2009-03-01 00:00:00","java","1438"
"2009-03-01 00:00:00","php","902"
"2009-03-01 00:00:00","c++","1052"
"2009-03-01 00:00:00","r","4"
"2009-03-01 00:00:00","perl","138"
"2009-03-01 00:00:00","delphi","162"
"2009-03-01 00:00:00","ruby","330"
"2009-03-01 00:00:00","python","764"
"2009-03-01 00:00:00","swift","1"
"2009-04-01 00:00:00","assembly","50"
"2009-04-01 00:00:00","javascript","1050"
"2009-04-01 00:00:00","python","767"
"2009-04-01 00:00:00","java","1534"
"2009-04-01 00:00:00","delphi","185"
"2009-04-01 00:00:00","c++","1018"
"2009-04-01 00:00:00","c#","3314"
"2009-04-01 00:00:00","c","457"
"2009-04-01 00:00:00","php","963"
"2009-04-01 00:00:00","perl","161"
"2009-04-01 00:00:00","ruby","358"
"2009-04-01 00:00:00","r","12"
"2009-05-01 00:00:00","javascript","1432"
"2009-05-01 00:00:00","assembly","47"
"2009-05-01 00:00:00","delphi","202"
"2009-05-01 00:00:00","c","480"
"2009-05-01 00:00:00","c#","3554"
"2009-05-01 00:00:00","python","999"
"2009-05-01 00:00:00","ruby","402"
"2009-05-01 00:00:00","java","1817"
"2009-05-01 00:00:00","c++","1216"
"2009-05-01 00:00:00","perl","196"
"2009-05-01 00:00:00","php","1178"
"2009-05-01 00:00:00","r","2"
"2009-05-01 00:00:00","swift","2"
"2009-06-01 00:00:00","c","502"
"2009-06-01 00:00:00","java","2113"
"2009-06-01 00:00:00","assembly","49"
"2009-06-01 00:00:00","delphi","222"
"2009-06-01 00:00:00","c++","1252"
"2009-06-01 00:00:00","javascript","1557"
"2009-06-01 00:00:00","perl","247"
"2009-06-01 00:00:00","c#","3880"
"2009-06-01 00:00:00","r","5"
"2009-06-01 00:00:00","php","1578"
"2009-06-01 00:00:00","ruby","432"
"2009-06-01 00:00:00","python","1043"
"2009-06-01 00:00:00","swift","1"
"2009-07-01 00:00:00","c#","4407"
"2009-07-01 00:00:00","assembly","32"
"2009-07-01 00:00:00","c++","1465"
"2009-07-01 00:00:00","python","1160"
"2009-07-01 00:00:00","java","2258"
"2009-07-01 00:00:00","perl","258"
"2009-07-01 00:00:00","c","540"
"2009-07-01 00:00:00","delphi","269"
"2009-07-01 00:00:00","javascript","1752"
"2009-07-01 00:00:00","r","51"
"2009-07-01 00:00:00","ruby","500"
"2009-07-01 00:00:00","php","2028"
"2009-08-01 00:00:00","assembly","48"
"2009-08-01 00:00:00","c","530"
"2009-08-01 00:00:00","delphi","246"
"2009-08-01 00:00:00","javascript","1857"
"2009-08-01 00:00:00","perl","251"
"2009-08-01 00:00:00","java","2190"
"2009-08-01 00:00:00","php","2186"
"2009-08-01 00:00:00","c#","4456"
"2009-08-01 00:00:00","r","47"
"2009-08-01 00:00:00","python","1138"
"2009-08-01 00:00:00","c++","1400"
"2009-08-01 00:00:00","ruby","485"
"2009-08-01 00:00:00","swift","3"
"2009-09-01 00:00:00","java","2262"
"2009-09-01 00:00:00","javascript","1755"
"2009-09-01 00:00:00","c#","4351"
"2009-09-01 00:00:00","c","574"
"2009-09-01 00:00:00","assembly","62"
"2009-09-01 00:00:00","php","2265"
"2009-09-01 00:00:00","c++","1463"
"2009-09-01 00:00:00","perl","250"
"2009-09-01 00:00:00","python","1166"
"2009-09-01 00:00:00","delphi","251"
"2009-09-01 00:00:00","ruby","477"
"2009-09-01 00:00:00","r","138"
"2009-09-01 00:00:00","swift","2"
"2009-10-01 00:00:00","assembly","74"
"2009-10-01 00:00:00","delphi","255"
"2009-10-01 00:00:00","javascript","2044"
"2009-10-01 00:00:00","c++","1686"
"2009-10-01 00:00:00","java","2505"
"2009-10-01 00:00:00","c#","4724"
"2009-10-01 00:00:00","c","775"
"2009-10-01 00:00:00","python","1421"
"2009-10-01 00:00:00","perl","282"
"2009-10-01 00:00:00","php","2360"
"2009-10-01 00:00:00","r","73"
"2009-10-01 00:00:00","ruby","493"
"2009-10-01 00:00:00","swift","1"
"2009-11-01 00:00:00","delphi","274"
"2009-11-01 00:00:00","python","1556"
"2009-11-01 00:00:00","c#","4679"
"2009-11-01 00:00:00","c","959"
"2009-11-01 00:00:00","javascript","2228"
"2009-11-01 00:00:00","assembly","82"
"2009-11-01 00:00:00","c++","1751"
"2009-11-01 00:00:00","go","65"
"2009-11-01 00:00:00","ruby","654"
"2009-11-01 00:00:00","perl","323"
"2009-11-01 00:00:00","php","2688"
"2009-11-01 00:00:00","java","2760"
"2009-11-01 00:00:00","swift","3"
"2009-11-01 00:00:00","r","94"
"2009-12-01 00:00:00","delphi","282"
"2009-12-01 00:00:00","php","2827"
"2009-12-01 00:00:00","assembly","62"
"2009-12-01 00:00:00","java","2686"
"2009-12-01 00:00:00","python","1589"
"2009-12-01 00:00:00","c#","4486"
"2009-12-01 00:00:00","perl","261"
"2009-12-01 00:00:00","c","850"
"2009-12-01 00:00:00","r","80"
"2009-12-01 00:00:00","go","11"
"2009-12-01 00:00:00","javascript","2305"
"2009-12-01 00:00:00","ruby","573"
"2009-12-01 00:00:00","c++","1653"
"2009-12-01 00:00:00","swift","1"
"2010-01-01 00:00:00","javascript","2622"
"2010-01-01 00:00:00","assembly","101"
"2010-01-01 00:00:00","c++","2000"
"2010-01-01 00:00:00","python","1946"
"2010-01-01 00:00:00","c#","5111"
"2010-01-01 00:00:00","go","15"
"2010-01-01 00:00:00","c","981"
"2010-01-01 00:00:00","delphi","303"
"2010-01-01 00:00:00","java","3727"
"2010-01-01 00:00:00","perl","302"
"2010-01-01 00:00:00","ruby","684"
"2010-01-01 00:00:00","php","3435"
"2010-01-01 00:00:00","r","94"
"2010-02-01 00:00:00","assembly","69"
"2010-02-01 00:00:00","c","1034"
"2010-02-01 00:00:00","delphi","283"
"2010-02-01 00:00:00","c#","5099"
"2010-02-01 00:00:00","perl","348"
"2010-02-01 00:00:00","java","3576"
"2010-02-01 00:00:00","go","7"
"2010-02-01 00:00:00","javascript","2639"
"2010-02-01 00:00:00","php","3166"
"2010-02-01 00:00:00","r","122"
"2010-02-01 00:00:00","c++","2277"
"2010-02-01 00:00:00","python","1862"
"2010-02-01 00:00:00","swift","2"
"2010-02-01 00:00:00","ruby","688"
"2010-03-01 00:00:00","assembly","123"
"2010-03-01 00:00:00","javascript","2987"
"2010-03-01 00:00:00","go","8"
"2010-03-01 00:00:00","python","2073"
"2010-03-01 00:00:00","delphi","318"
"2010-03-01 00:00:00","c++","2435"
"2010-03-01 00:00:00","c","1114"
"2010-03-01 00:00:00","c#","6034"
"2010-03-01 00:00:00","java","4444"
"2010-03-01 00:00:00","php","3749"
"2010-03-01 00:00:00","perl","392"
"2010-03-01 00:00:00","ruby","695"
"2010-03-01 00:00:00","r","139"
"2010-03-01 00:00:00","swift","1"
"2010-04-01 00:00:00","c","1183"
"2010-04-01 00:00:00","javascript","3005"
"2010-04-01 00:00:00","python","1814"
"2010-04-01 00:00:00","delphi","271"
"2010-04-01 00:00:00","assembly","124"
"2010-04-01 00:00:00","c#","5783"
"2010-04-01 00:00:00","ruby","753"
"2010-04-01 00:00:00","php","3647"
"2010-04-01 00:00:00","java","3888"
"2010-04-01 00:00:00","go","10"
"2010-04-01 00:00:00","swift","2"
"2010-04-01 00:00:00","c++","2490"
"2010-04-01 00:00:00","r","160"
"2010-04-01 00:00:00","perl","365"
"2010-05-01 00:00:00","java","4171"
"2010-05-01 00:00:00","assembly","108"
"2010-05-01 00:00:00","c++","2421"
"2010-05-01 00:00:00","delphi","280"
"2010-05-01 00:00:00","javascript","3231"
"2010-05-01 00:00:00","perl","286"
"2010-05-01 00:00:00","c","1181"
"2010-05-01 00:00:00","c#","5932"
"2010-05-01 00:00:00","r","139"
"2010-05-01 00:00:00","php","3993"
"2010-05-01 00:00:00","ruby","776"
"2010-05-01 00:00:00","go","17"
"2010-05-01 00:00:00","swift","1"
"2010-05-01 00:00:00","python","2008"
"2010-06-01 00:00:00","assembly","91"
"2010-06-01 00:00:00","java","4284"
"2010-06-01 00:00:00","c#","6148"
"2010-06-01 00:00:00","javascript","3469"
"2010-06-01 00:00:00","delphi","329"
"2010-06-01 00:00:00","c","1155"
"2010-06-01 00:00:00","go","15"
"2010-06-01 00:00:00","c++","2825"
"2010-06-01 00:00:00","php","4092"
"2010-06-01 00:00:00","perl","409"
"2010-06-01 00:00:00","ruby","853"
"2010-06-01 00:00:00","python","2206"
"2010-06-01 00:00:00","swift","2"
"2010-06-01 00:00:00","r","176"
"2010-07-01 00:00:00","c","1287"
"2010-07-01 00:00:00","c#","6683"
"2010-07-01 00:00:00","php","4603"
"2010-07-01 00:00:00","delphi","334"
"2010-07-01 00:00:00","java","4517"
"2010-07-01 00:00:00","javascript","3877"
"2010-07-01 00:00:00","assembly","97"
"2010-07-01 00:00:00","go","8"
"2010-07-01 00:00:00","r","234"
"2010-07-01 00:00:00","c++","2686"
"2010-07-01 00:00:00","perl","435"
"2010-07-01 00:00:00","python","2595"
"2010-07-01 00:00:00","swift","1"
"2010-07-01 00:00:00","ruby","912"
"2010-08-01 00:00:00","javascript","4001"
"2010-08-01 00:00:00","java","4707"
"2010-08-01 00:00:00","c#","6964"
"2010-08-01 00:00:00","go","13"
"2010-08-01 00:00:00","php","5142"
"2010-08-01 00:00:00","assembly","86"
"2010-08-01 00:00:00","c++","2637"
"2010-08-01 00:00:00","c","1365"
"2010-08-01 00:00:00","ruby","995"
"2010-08-01 00:00:00","perl","547"
"2010-08-01 00:00:00","swift","2"
"2010-08-01 00:00:00","r","283"
"2010-08-01 00:00:00","python","2492"
"2010-08-01 00:00:00","delphi","354"
"2010-09-01 00:00:00","assembly","117"
"2010-09-01 00:00:00","javascript","3995"
"2010-09-01 00:00:00","java","4718"
"2010-09-01 00:00:00","python","2249"
"2010-09-01 00:00:00","delphi","319"
"2010-09-01 00:00:00","c++","2738"
"2010-09-01 00:00:00","c","1377"
"2010-09-01 00:00:00","c#","6406"
"2010-09-01 00:00:00","perl","460"
"2010-09-01 00:00:00","php","4697"
"2010-09-01 00:00:00","go","9"
"2010-09-01 00:00:00","ruby","936"
"2010-09-01 00:00:00","r","236"
"2010-09-01 00:00:00","swift","2"
"2010-10-01 00:00:00","javascript","4114"
"2010-10-01 00:00:00","delphi","361"
"2010-10-01 00:00:00","c","1443"
"2010-10-01 00:00:00","assembly","123"
"2010-10-01 00:00:00","c#","6740"
"2010-10-01 00:00:00","python","2673"
"2010-10-01 00:00:00","go","13"
"2010-10-01 00:00:00","perl","499"
"2010-10-01 00:00:00","php","4517"
"2010-10-01 00:00:00","java","5027"
"2010-10-01 00:00:00","c++","2934"
"2010-10-01 00:00:00","r","214"
"2010-10-01 00:00:00","ruby","926"
"2010-10-01 00:00:00","swift","1"
"2010-11-01 00:00:00","java","5599"
"2010-11-01 00:00:00","assembly","165"
"2010-11-01 00:00:00","c","1676"
"2010-11-01 00:00:00","delphi","390"
"2010-11-01 00:00:00","javascript","4548"
"2010-11-01 00:00:00","perl","465"
"2010-11-01 00:00:00","c++","3375"
"2010-11-01 00:00:00","c#","7317"
"2010-11-01 00:00:00","r","242"
"2010-11-01 00:00:00","php","5113"
"2010-11-01 00:00:00","ruby","929"
"2010-11-01 00:00:00","go","16"
"2010-11-01 00:00:00","swift","1"
"2010-11-01 00:00:00","python","2606"
"2010-12-01 00:00:00","c#","7111"
"2010-12-01 00:00:00","c++","3137"
"2010-12-01 00:00:00","python","2483"
"2010-12-01 00:00:00","assembly","126"
"2010-12-01 00:00:00","java","5678"
"2010-12-01 00:00:00","c","1469"
"2010-12-01 00:00:00","go","18"
"2010-12-01 00:00:00","javascript","4951"
"2010-12-01 00:00:00","delphi","321"
"2010-12-01 00:00:00","ruby","1023"
"2010-12-01 00:00:00","perl","501"
"2010-12-01 00:00:00","swift","2"
"2010-12-01 00:00:00","php","5394"
"2010-12-01 00:00:00","r","223"
"2011-01-01 00:00:00","c","1461"
"2011-01-01 00:00:00","delphi","369"
"2011-01-01 00:00:00","assembly","134"
"2011-01-01 00:00:00","c#","7989"
"2011-01-01 00:00:00","java","6540"
"2011-01-01 00:00:00","go","15"
"2011-01-01 00:00:00","perl","479"
"2011-01-01 00:00:00","javascript","5424"
"2011-01-01 00:00:00","r","250"
"2011-01-01 00:00:00","c++","3495"
"2011-01-01 00:00:00","php","6441"
"2011-01-01 00:00:00","python","2903"
"2011-01-01 00:00:00","swift","4"
"2011-01-01 00:00:00","ruby","1204"
"2011-02-01 00:00:00","javascript","5589"
"2011-02-01 00:00:00","java","6872"
"2011-02-01 00:00:00","c#","8224"
"2011-02-01 00:00:00","go","16"
"2011-02-01 00:00:00","php","6713"
"2011-02-01 00:00:00","assembly","146"
"2011-02-01 00:00:00","c++","3445"
"2011-02-01 00:00:00","c","1638"
"2011-02-01 00:00:00","ruby","1251"
"2011-02-01 00:00:00","perl","483"
"2011-02-01 00:00:00","swift","5"
"2011-02-01 00:00:00","r","322"
"2011-02-01 00:00:00","python","3012"
"2011-02-01 00:00:00","delphi","360"
"2011-03-01 00:00:00","php","8118"
"2011-03-01 00:00:00","assembly","192"
"2011-03-01 00:00:00","python","3749"
"2011-03-01 00:00:00","javascript","6771"
"2011-03-01 00:00:00","c#","9989"
"2011-03-01 00:00:00","c","2110"
"2011-03-01 00:00:00","ruby","1639"
"2011-03-01 00:00:00","c++","4179"
"2011-03-01 00:00:00","delphi","518"
"2011-03-01 00:00:00","java","8479"
"2011-03-01 00:00:00","swift","3"
"2011-03-01 00:00:00","perl","604"
"2011-03-01 00:00:00","go","3"
"2011-03-01 00:00:00","r","422"
"2011-04-01 00:00:00","java","7896"
"2011-04-01 00:00:00","delphi","402"
"2011-04-01 00:00:00","perl","552"
"2011-04-01 00:00:00","c#","9282"
"2011-04-01 00:00:00","c","2041"
"2011-04-01 00:00:00","php","7661"
"2011-04-01 00:00:00","assembly","159"
"2011-04-01 00:00:00","c++","4168"
"2011-04-01 00:00:00","javascript","6879"
"2011-04-01 00:00:00","go","7"
"2011-04-01 00:00:00","r","476"
"2011-04-01 00:00:00","ruby","1476"
"2011-04-01 00:00:00","python","3342"
"2011-04-01 00:00:00","swift","3"
"2011-05-01 00:00:00","c++","3883"
"2011-05-01 00:00:00","assembly","158"
"2011-05-01 00:00:00","c#","10017"
"2011-05-01 00:00:00","java","8568"
"2011-05-01 00:00:00","javascript","7311"
"2011-05-01 00:00:00","delphi","477"
"2011-05-01 00:00:00","go","37"
"2011-05-01 00:00:00","c","1825"
"2011-05-01 00:00:00","ruby","1565"
"2011-05-01 00:00:00","php","8110"
"2011-05-01 00:00:00","swift","1"
"2011-05-01 00:00:00","perl","582"
"2011-05-01 00:00:00","python","3516"
"2011-05-01 00:00:00","r","427"
"2011-06-01 00:00:00","python","3472"
"2011-06-01 00:00:00","c#","9764"
"2011-06-01 00:00:00","assembly","139"
"2011-06-01 00:00:00","javascript","7686"
"2011-06-01 00:00:00","c","1764"
"2011-06-01 00:00:00","c++","3813"
"2011-06-01 00:00:00","perl","567"
"2011-06-01 00:00:00","ruby","1558"
"2011-06-01 00:00:00","delphi","456"
"2011-06-01 00:00:00","java","7915"
"2011-06-01 00:00:00","php","8049"
"2011-06-01 00:00:00","swift","4"
"2011-06-01 00:00:00","go","34"
"2011-06-01 00:00:00","r","444"
"2011-07-01 00:00:00","c#","9610"
"2011-07-01 00:00:00","javascript","8113"
"2011-07-01 00:00:00","java","8164"
"2011-07-01 00:00:00","go","26"
"2011-07-01 00:00:00","c++","3850"
"2011-07-01 00:00:00","php","8710"
"2011-07-01 00:00:00","assembly","141"
"2011-07-01 00:00:00","c","1659"
"2011-07-01 00:00:00","ruby","1583"
"2011-07-01 00:00:00","r","454"
"2011-07-01 00:00:00","perl","659"
"2011-07-01 00:00:00","delphi","429"
"2011-07-01 00:00:00","swift","12"
"2011-07-01 00:00:00","python","3662"
"2011-08-01 00:00:00","assembly","159"
"2011-08-01 00:00:00","go","40"
"2011-08-01 00:00:00","python","3828"
"2011-08-01 00:00:00","javascript","8912"
"2011-08-01 00:00:00","delphi","424"
"2011-08-01 00:00:00","c","1823"
"2011-08-01 00:00:00","c#","10075"
"2011-08-01 00:00:00","c++","3954"
"2011-08-01 00:00:00","java","8692"
"2011-08-01 00:00:00","php","8951"
"2011-08-01 00:00:00","perl","613"
"2011-08-01 00:00:00","ruby","1860"
"2011-08-01 00:00:00","r","586"
"2011-08-01 00:00:00","swift","8"
"2011-09-01 00:00:00","c","1916"
"2011-09-01 00:00:00","python","3522"
"2011-09-01 00:00:00","javascript","8200"
"2011-09-01 00:00:00","delphi","414"
"2011-09-01 00:00:00","assembly","155"
"2011-09-01 00:00:00","ruby","1549"
"2011-09-01 00:00:00","java","8334"
"2011-09-01 00:00:00","c#","9310"
"2011-09-01 00:00:00","c++","3947"
"2011-09-01 00:00:00","swift","6"
"2011-09-01 00:00:00","r","612"
"2011-09-01 00:00:00","php","8088"
"2011-09-01 00:00:00","perl","500"
"2011-09-01 00:00:00","go","26"
"2011-10-01 00:00:00","java","8568"
"2011-10-01 00:00:00","assembly","212"
"2011-10-01 00:00:00","delphi","465"
"2011-10-01 00:00:00","c++","4356"
"2011-10-01 00:00:00","javascript","8041"
"2011-10-01 00:00:00","perl","555"
"2011-10-01 00:00:00","c#","9229"
"2011-10-01 00:00:00","c","2139"
"2011-10-01 00:00:00","go","40"
"2011-10-01 00:00:00","php","8089"
"2011-10-01 00:00:00","r","621"
"2011-10-01 00:00:00","python","3625"
"2011-10-01 00:00:00","ruby","1616"
"2011-10-01 00:00:00","swift","6"
"2011-11-01 00:00:00","assembly","209"
"2011-11-01 00:00:00","javascript","8693"
"2011-11-01 00:00:00","java","9657"
"2011-11-01 00:00:00","c#","9916"
"2011-11-01 00:00:00","delphi","507"
"2011-11-01 00:00:00","c++","4485"
"2011-11-01 00:00:00","c","2199"
"2011-11-01 00:00:00","go","66"
"2011-11-01 00:00:00","php","8711"
"2011-11-01 00:00:00","ruby","1741"
"2011-11-01 00:00:00","perl","606"
"2011-11-01 00:00:00","swift","4"
"2011-11-01 00:00:00","python","3877"
"2011-11-01 00:00:00","r","607"
"2011-12-01 00:00:00","java","9216"
"2011-12-01 00:00:00","php","8357"
"2011-12-01 00:00:00","c#","9325"
"2011-12-01 00:00:00","delphi","573"
"2011-12-01 00:00:00","c","2005"
"2011-12-01 00:00:00","assembly","227"
"2011-12-01 00:00:00","javascript","8348"
"2011-12-01 00:00:00","go","52"
"2011-12-01 00:00:00","r","614"
"2011-12-01 00:00:00","perl","538"
"2011-12-01 00:00:00","c++","4363"
"2011-12-01 00:00:00","python","3624"
"2011-12-01 00:00:00","swift","2"
"2011-12-01 00:00:00","ruby","1687"
"2012-01-01 00:00:00","java","10154"
"2012-01-01 00:00:00","javascript","9610"
"2012-01-01 00:00:00","c#","10463"
"2012-01-01 00:00:00","go","37"
"2012-01-01 00:00:00","assembly","170"
"2012-01-01 00:00:00","php","9343"
"2012-01-01 00:00:00","c++","4548"
"2012-01-01 00:00:00","c","2234"
"2012-01-01 00:00:00","perl","563"
"2012-01-01 00:00:00","r","690"
"2012-01-01 00:00:00","ruby","1907"
"2012-01-01 00:00:00","delphi","514"
"2012-01-01 00:00:00","python","4212"
"2012-01-01 00:00:00","swift","6"
"2012-02-01 00:00:00","assembly","232"
"2012-02-01 00:00:00","javascript","9993"
"2012-02-01 00:00:00","python","4493"
"2012-02-01 00:00:00","java","10967"
"2012-02-01 00:00:00","delphi","472"
"2012-02-01 00:00:00","c++","5106"
"2012-02-01 00:00:00","c#","10766"
"2012-02-01 00:00:00","c","2407"
"2012-02-01 00:00:00","php","9960"
"2012-02-01 00:00:00","perl","613"
"2012-02-01 00:00:00","ruby","2047"
"2012-02-01 00:00:00","go","31"
"2012-02-01 00:00:00","swift","9"
"2012-02-01 00:00:00","r","813"
"2012-03-01 00:00:00","delphi","498"
"2012-03-01 00:00:00","c++","5243"
"2012-03-01 00:00:00","java","12412"
"2012-03-01 00:00:00","assembly","261"
"2012-03-01 00:00:00","c#","11607"
"2012-03-01 00:00:00","c","2733"
"2012-03-01 00:00:00","javascript","10722"
"2012-03-01 00:00:00","php","10923"
"2012-03-01 00:00:00","go","47"
"2012-03-01 00:00:00","perl","608"
"2012-03-01 00:00:00","python","5041"
"2012-03-01 00:00:00","r","889"
"2012-03-01 00:00:00","ruby","2193"
"2012-03-01 00:00:00","swift","4"
"2012-04-01 00:00:00","delphi","482"
"2012-04-01 00:00:00","java","12043"
"2012-04-01 00:00:00","assembly","276"
"2012-04-01 00:00:00","php","10434"
"2012-04-01 00:00:00","c","2673"
"2012-04-01 00:00:00","c++","5313"
"2012-04-01 00:00:00","perl","600"
"2012-04-01 00:00:00","c#","11134"
"2012-04-01 00:00:00","python","4920"
"2012-04-01 00:00:00","javascript","10679"
"2012-04-01 00:00:00","r","843"
"2012-04-01 00:00:00","go","69"
"2012-04-01 00:00:00","ruby","1972"
"2012-04-01 00:00:00","swift","5"
"2012-05-01 00:00:00","assembly","226"
"2012-05-01 00:00:00","c++","4989"
"2012-05-01 00:00:00","c#","11582"
"2012-05-01 00:00:00","java","12191"
"2012-05-01 00:00:00","delphi","480"
"2012-05-01 00:00:00","javascript","11527"
"2012-05-01 00:00:00","go","69"
"2012-05-01 00:00:00","c","2484"
"2012-05-01 00:00:00","perl","644"
"2012-05-01 00:00:00","ruby","1979"
"2012-05-01 00:00:00","php","10957"
"2012-05-01 00:00:00","r","876"
"2012-05-01 00:00:00","swift","6"
"2012-05-01 00:00:00","python","5103"
"2012-06-01 00:00:00","java","11110"
"2012-06-01 00:00:00","go","72"
"2012-06-01 00:00:00","c#","11327"
"2012-06-01 00:00:00","javascript","11245"
"2012-06-01 00:00:00","assembly","201"
"2012-06-01 00:00:00","c","2311"
"2012-06-01 00:00:00","c++","4654"
"2012-06-01 00:00:00","php","10604"
"2012-06-01 00:00:00","python","5281"
"2012-06-01 00:00:00","perl","740"
"2012-06-01 00:00:00","ruby","1891"
"2012-06-01 00:00:00","delphi","418"
"2012-06-01 00:00:00","swift","4"
"2012-06-01 00:00:00","r","974"
"2012-07-01 00:00:00","delphi","441"
"2012-07-01 00:00:00","assembly","201"
"2012-07-01 00:00:00","c++","5285"
"2012-07-01 00:00:00","c","2371"
"2012-07-01 00:00:00","c#","12321"
"2012-07-01 00:00:00","java","12260"
"2012-07-01 00:00:00","python","5725"
"2012-07-01 00:00:00","go","76"
"2012-07-01 00:00:00","javascript","12309"
"2012-07-01 00:00:00","perl","667"
"2012-07-01 00:00:00","swift","9"
"2012-07-01 00:00:00","r","1120"
"2012-07-01 00:00:00","php","11753"
"2012-07-01 00:00:00","ruby","2060"
"2012-08-01 00:00:00","php","11906"
"2012-08-01 00:00:00","assembly","189"
"2012-08-01 00:00:00","c#","11951"
"2012-08-01 00:00:00","go","72"
"2012-08-01 00:00:00","c++","5164"
"2012-08-01 00:00:00","delphi","403"
"2012-08-01 00:00:00","python","5864"
"2012-08-01 00:00:00","c","2318"
"2012-08-01 00:00:00","javascript","12432"
"2012-08-01 00:00:00","perl","763"
"2012-08-01 00:00:00","ruby","2061"
"2012-08-01 00:00:00","java","12257"
"2012-08-01 00:00:00","swift","5"
"2012-08-01 00:00:00","r","1089"
"2012-09-01 00:00:00","javascript","11164"
"2012-09-01 00:00:00","c","2531"
"2012-09-01 00:00:00","c#","11279"
"2012-09-01 00:00:00","assembly","225"
"2012-09-01 00:00:00","java","11624"
"2012-09-01 00:00:00","c++","4910"
"2012-09-01 00:00:00","delphi","385"
"2012-09-01 00:00:00","php","11004"
"2012-09-01 00:00:00","go","130"
"2012-09-01 00:00:00","perl","663"
"2012-09-01 00:00:00","python","5252"
"2012-09-01 00:00:00","r","1060"
"2012-09-01 00:00:00","ruby","1958"
"2012-09-01 00:00:00","swift","7"
"2012-10-01 00:00:00","c#","12718"
"2012-10-01 00:00:00","delphi","478"
"2012-10-01 00:00:00","c++","5914"
"2012-10-01 00:00:00","go","101"
"2012-10-01 00:00:00","javascript","12425"
"2012-10-01 00:00:00","assembly","315"
"2012-10-01 00:00:00","c","3152"
"2012-10-01 00:00:00","python","6130"
"2012-10-01 00:00:00","java","13500"
"2012-10-01 00:00:00","php","11806"
"2012-10-01 00:00:00","swift","4"
"2012-10-01 00:00:00","perl","685"
"2012-10-01 00:00:00","r","1266"
"2012-10-01 00:00:00","ruby","2261"
"2012-11-01 00:00:00","java","13617"
"2012-11-01 00:00:00","assembly","303"
"2012-11-01 00:00:00","c++","6272"
"2012-11-01 00:00:00","c#","12235"
"2012-11-01 00:00:00","c","3197"
"2012-11-01 00:00:00","delphi","444"
"2012-11-01 00:00:00","javascript","12352"
"2012-11-01 00:00:00","go","104"
"2012-11-01 00:00:00","r","1345"
"2012-11-01 00:00:00","perl","636"
"2012-11-01 00:00:00","ruby","2131"
"2012-11-01 00:00:00","php","11794"
"2012-11-01 00:00:00","python","6391"
"2012-11-01 00:00:00","swift","4"
"2012-12-01 00:00:00","java","12423"
"2012-12-01 00:00:00","delphi","429"
"2012-12-01 00:00:00","assembly","264"
"2012-12-01 00:00:00","c#","10956"
"2012-12-01 00:00:00","c","2565"
"2012-12-01 00:00:00","python","5755"
"2012-12-01 00:00:00","go","113"
"2012-12-01 00:00:00","c++","5685"
"2012-12-01 00:00:00","javascript","11742"
"2012-12-01 00:00:00","ruby","1904"
"2012-12-01 00:00:00","php","11082"
"2012-12-01 00:00:00","swift","3"
"2012-12-01 00:00:00","perl","551"
"2012-12-01 00:00:00","r","1215"
"2013-01-01 00:00:00","java","13720"
"2013-01-01 00:00:00","c#","12764"
"2013-01-01 00:00:00","c","2906"
"2013-01-01 00:00:00","c++","6041"
"2013-01-01 00:00:00","assembly","294"
"2013-01-01 00:00:00","delphi","482"
"2013-01-01 00:00:00","go","101"
"2013-01-01 00:00:00","python","6570"
"2013-01-01 00:00:00","perl","661"
"2013-01-01 00:00:00","javascript","13797"
"2013-01-01 00:00:00","r","1509"
"2013-01-01 00:00:00","swift","5"
"2013-01-01 00:00:00","php","12887"
"2013-01-01 00:00:00","ruby","2307"
"2013-02-01 00:00:00","php","12571"
"2013-02-01 00:00:00","assembly","323"
"2013-02-01 00:00:00","c#","12488"
"2013-02-01 00:00:00","go","117"
"2013-02-01 00:00:00","c++","6067"
"2013-02-01 00:00:00","delphi","449"
"2013-02-01 00:00:00","python","6726"
"2013-02-01 00:00:00","c","3094"
"2013-02-01 00:00:00","javascript","13629"
"2013-02-01 00:00:00","perl","748"
"2013-02-01 00:00:00","ruby","2221"
"2013-02-01 00:00:00","java","13707"
"2013-02-01 00:00:00","swift","6"
"2013-02-01 00:00:00","r","1659"
"2013-03-01 00:00:00","delphi","523"
"2013-03-01 00:00:00","assembly","366"
"2013-03-01 00:00:00","go","127"
"2013-03-01 00:00:00","java","15918"
"2013-03-01 00:00:00","c#","14235"
"2013-03-01 00:00:00","c","3442"
"2013-03-01 00:00:00","ruby","2560"
"2013-03-01 00:00:00","c++","7185"
"2013-03-01 00:00:00","php","14151"
"2013-03-01 00:00:00","perl","852"
"2013-03-01 00:00:00","swift","5"
"2013-03-01 00:00:00","javascript","15303"
"2013-03-01 00:00:00","python","7619"
"2013-03-01 00:00:00","r","1849"
"2013-04-01 00:00:00","c#","13891"
"2013-04-01 00:00:00","go","125"
"2013-04-01 00:00:00","python","7929"
"2013-04-01 00:00:00","c++","7129"
"2013-04-01 00:00:00","java","16238"
"2013-04-01 00:00:00","assembly","331"
"2013-04-01 00:00:00","c","3529"
"2013-04-01 00:00:00","perl","839"
"2013-04-01 00:00:00","javascript","15334"
"2013-04-01 00:00:00","delphi","511"
"2013-04-01 00:00:00","ruby","2464"
"2013-04-01 00:00:00","r","1838"
"2013-04-01 00:00:00","swift","6"
"2013-04-01 00:00:00","php","13443"
"2013-05-01 00:00:00","javascript","15058"
"2013-05-01 00:00:00","java","15293"
"2013-05-01 00:00:00","c#","13479"
"2013-05-01 00:00:00","c","3195"
"2013-05-01 00:00:00","php","13148"
"2013-05-01 00:00:00","assembly","301"
"2013-05-01 00:00:00","c++","6843"
"2013-05-01 00:00:00","go","142"
"2013-05-01 00:00:00","ruby","2344"
"2013-05-01 00:00:00","python","7808"
"2013-05-01 00:00:00","swift","2"
"2013-05-01 00:00:00","delphi","536"
"2013-05-01 00:00:00","perl","905"
"2013-05-01 00:00:00","r","1782"
"2013-06-01 00:00:00","delphi","474"
"2013-06-01 00:00:00","java","13954"
"2013-06-01 00:00:00","assembly","296"
"2013-06-01 00:00:00","c#","12799"
"2013-06-01 00:00:00","c","2941"
"2013-06-01 00:00:00","c++","6191"
"2013-06-01 00:00:00","perl","828"
"2013-06-01 00:00:00","python","7603"
"2013-06-01 00:00:00","go","176"
"2013-06-01 00:00:00","javascript","14628"
"2013-06-01 00:00:00","php","12762"
"2013-06-01 00:00:00","ruby","2225"
"2013-06-01 00:00:00","r","1778"
"2013-06-01 00:00:00","swift","4"
"2013-07-01 00:00:00","c++","6579"
"2013-07-01 00:00:00","assembly","297"
"2013-07-01 00:00:00","go","200"
"2013-07-01 00:00:00","c#","14198"
"2013-07-01 00:00:00","php","14377"
"2013-07-01 00:00:00","delphi","508"
"2013-07-01 00:00:00","c","3024"
"2013-07-01 00:00:00","python","8620"
"2013-07-01 00:00:00","javascript","16844"
"2013-07-01 00:00:00","perl","956"
"2013-07-01 00:00:00","java","15221"
"2013-07-01 00:00:00","ruby","2446"
"2013-07-01 00:00:00","r","1974"
"2013-07-01 00:00:00","swift","7"
"2013-08-01 00:00:00","javascript","16871"
"2013-08-01 00:00:00","assembly","212"
"2013-08-01 00:00:00","c","3010"
"2013-08-01 00:00:00","c#","13870"
"2013-08-01 00:00:00","java","15093"
"2013-08-01 00:00:00","php","14391"
"2013-08-01 00:00:00","c++","6257"
"2013-08-01 00:00:00","delphi","450"
"2013-08-01 00:00:00","perl","838"
"2013-08-01 00:00:00","python","7944"
"2013-08-01 00:00:00","r","1922"
"2013-08-01 00:00:00","go","207"
"2013-08-01 00:00:00","ruby","2483"
"2013-08-01 00:00:00","swift","4"
"2013-09-01 00:00:00","java","16300"
"2013-09-01 00:00:00","delphi","487"
"2013-09-01 00:00:00","assembly","290"
"2013-09-01 00:00:00","php","14320"
"2013-09-01 00:00:00","c++","6566"
"2013-09-01 00:00:00","c#","13778"
"2013-09-01 00:00:00","c","3401"
"2013-09-01 00:00:00","go","237"
"2013-09-01 00:00:00","javascript","17740"
"2013-09-01 00:00:00","ruby","2394"
"2013-09-01 00:00:00","perl","686"
"2013-09-01 00:00:00","swift","10"
"2013-09-01 00:00:00","python","7972"
"2013-09-01 00:00:00","r","1714"
"2013-10-01 00:00:00","assembly","380"
"2013-10-01 00:00:00","c++","7984"
"2013-10-01 00:00:00","java","18760"
"2013-10-01 00:00:00","c#","15220"
"2013-10-01 00:00:00","delphi","521"
"2013-10-01 00:00:00","javascript","19780"
"2013-10-01 00:00:00","c","4241"
"2013-10-01 00:00:00","go","212"
"2013-10-01 00:00:00","perl","815"
"2013-10-01 00:00:00","ruby","2789"
"2013-10-01 00:00:00","r","2094"
"2013-10-01 00:00:00","swift","9"
"2013-10-01 00:00:00","php","15403"
"2013-10-01 00:00:00","python","9496"
"2013-11-01 00:00:00","java","18803"
"2013-11-01 00:00:00","c#","14612"
"2013-11-01 00:00:00","go","209"
"2013-11-01 00:00:00","javascript","18544"
"2013-11-01 00:00:00","assembly","419"
"2013-11-01 00:00:00","c++","8148"
"2013-11-01 00:00:00","c","4294"
"2013-11-01 00:00:00","php","14981"
"2013-11-01 00:00:00","python","9498"
"2013-11-01 00:00:00","ruby","2576"
"2013-11-01 00:00:00","perl","821"
"2013-11-01 00:00:00","swift","6"
"2013-11-01 00:00:00","delphi","462"
"2013-11-01 00:00:00","r","2190"
"2013-12-01 00:00:00","assembly","358"
"2013-12-01 00:00:00","delphi","449"
"2013-12-01 00:00:00","c++","7023"
"2013-12-01 00:00:00","c","3501"
"2013-12-01 00:00:00","java","17492"
"2013-12-01 00:00:00","c#","13643"
"2013-12-01 00:00:00","python","8462"
"2013-12-01 00:00:00","go","240"
"2013-12-01 00:00:00","perl","764"
"2013-12-01 00:00:00","javascript","18060"
"2013-12-01 00:00:00","swift","11"
"2013-12-01 00:00:00","r","1909"
"2013-12-01 00:00:00","ruby","2448"
"2013-12-01 00:00:00","php","14510"
"2014-01-01 00:00:00","php","16880"
"2014-01-01 00:00:00","c#","15351"
"2014-01-01 00:00:00","go","303"
"2014-01-01 00:00:00","assembly","340"
"2014-01-01 00:00:00","c++","7699"
"2014-01-01 00:00:00","python","9846"
"2014-01-01 00:00:00","c","3739"
"2014-01-01 00:00:00","delphi","491"
"2014-01-01 00:00:00","javascript","21156"
"2014-01-01 00:00:00","perl","812"
"2014-01-01 00:00:00","java","18712"
"2014-01-01 00:00:00","ruby","2769"
"2014-01-01 00:00:00","r","2354"
"2014-01-01 00:00:00","swift","5"
"2014-02-01 00:00:00","javascript","21197"
"2014-02-01 00:00:00","assembly","375"
"2014-02-01 00:00:00","c","3975"
"2014-02-01 00:00:00","c#","15132"
"2014-02-01 00:00:00","java","19304"
"2014-02-01 00:00:00","php","16630"
"2014-02-01 00:00:00","c++","7693"
"2014-02-01 00:00:00","delphi","492"
"2014-02-01 00:00:00","perl","796"
"2014-02-01 00:00:00","python","9907"
"2014-02-01 00:00:00","r","2620"
"2014-02-01 00:00:00","go","205"
"2014-02-01 00:00:00","ruby","2610"
"2014-02-01 00:00:00","swift","12"
"2014-03-01 00:00:00","assembly","452"
"2014-03-01 00:00:00","c#","16194"
"2014-03-01 00:00:00","python","11426"
"2014-03-01 00:00:00","c++","8673"
"2014-03-01 00:00:00","go","255"
"2014-03-01 00:00:00","java","22004"
"2014-03-01 00:00:00","delphi","441"
"2014-03-01 00:00:00","c","4564"
"2014-03-01 00:00:00","perl","909"
"2014-03-01 00:00:00","javascript","22682"
"2014-03-01 00:00:00","php","18408"
"2014-03-01 00:00:00","ruby","2950"
"2014-03-01 00:00:00","r","2814"
"2014-03-01 00:00:00","swift","4"
"2014-04-01 00:00:00","c","4016"
"2014-04-01 00:00:00","perl","822"
"2014-04-01 00:00:00","c#","15356"
"2014-04-01 00:00:00","delphi","391"
"2014-04-01 00:00:00","java","20936"
"2014-04-01 00:00:00","assembly","365"
"2014-04-01 00:00:00","javascript","21478"
"2014-04-01 00:00:00","go","342"
"2014-04-01 00:00:00","r","2740"
"2014-04-01 00:00:00","php","17791"
"2014-04-01 00:00:00","c++","8142"
"2014-04-01 00:00:00","python","10781"
"2014-04-01 00:00:00","swift","5"
"2014-04-01 00:00:00","ruby","2749"
"2014-05-01 00:00:00","java","18001"
"2014-05-01 00:00:00","delphi","474"
"2014-05-01 00:00:00","c","3267"
"2014-05-01 00:00:00","python","9252"
"2014-05-01 00:00:00","c++","6795"
"2014-05-01 00:00:00","c#","13928"
"2014-05-01 00:00:00","assembly","331"
"2014-05-01 00:00:00","ruby","2681"
"2014-05-01 00:00:00","javascript","19841"
"2014-05-01 00:00:00","go","280"
"2014-05-01 00:00:00","swift","9"
"2014-05-01 00:00:00","perl","797"
"2014-05-01 00:00:00","r","2586"
"2014-05-01 00:00:00","php","14833"
"2014-06-01 00:00:00","java","15949"
"2014-06-01 00:00:00","delphi","413"
"2014-06-01 00:00:00","javascript","18334"
"2014-06-01 00:00:00","python","8922"
"2014-06-01 00:00:00","assembly","271"
"2014-06-01 00:00:00","c#","12524"
"2014-06-01 00:00:00","c","2777"
"2014-06-01 00:00:00","c++","5679"
"2014-06-01 00:00:00","perl","678"
"2014-06-01 00:00:00","php","13091"
"2014-06-01 00:00:00","r","2400"
"2014-06-01 00:00:00","ruby","2338"
"2014-06-01 00:00:00","go","288"
"2014-06-01 00:00:00","swift","2410"
"2014-07-01 00:00:00","javascript","20161"
"2014-07-01 00:00:00","c++","6280"
"2014-07-01 00:00:00","c#","13706"
"2014-07-01 00:00:00","assembly","217"
"2014-07-01 00:00:00","java","17409"
"2014-07-01 00:00:00","c","2837"
"2014-07-01 00:00:00","delphi","446"
"2014-07-01 00:00:00","php","14341"
"2014-07-01 00:00:00","go","451"
"2014-07-01 00:00:00","perl","732"
"2014-07-01 00:00:00","python","9923"
"2014-07-01 00:00:00","r","2639"
"2014-07-01 00:00:00","ruby","2563"
"2014-07-01 00:00:00","swift","1645"
"2014-08-01 00:00:00","delphi","423"
"2014-08-01 00:00:00","java","15759"
"2014-08-01 00:00:00","assembly","183"
"2014-08-01 00:00:00","c#","12511"
"2014-08-01 00:00:00","c","2678"
"2014-08-01 00:00:00","c++","5885"
"2014-08-01 00:00:00","perl","683"
"2014-08-01 00:00:00","go","405"
"2014-08-01 00:00:00","python","9119"
"2014-08-01 00:00:00","javascript","18486"
"2014-08-01 00:00:00","r","2477"
"2014-08-01 00:00:00","php","13256"
"2014-08-01 00:00:00","swift","1702"
"2014-08-01 00:00:00","ruby","2469"
"2014-09-01 00:00:00","c#","12331"
"2014-09-01 00:00:00","assembly","285"
"2014-09-01 00:00:00","c++","6201"
"2014-09-01 00:00:00","python","8778"
"2014-09-01 00:00:00","java","16730"
"2014-09-01 00:00:00","go","392"
"2014-09-01 00:00:00","c","3235"
"2014-09-01 00:00:00","delphi","447"
"2014-09-01 00:00:00","javascript","18151"
"2014-09-01 00:00:00","perl","679"
"2014-09-01 00:00:00","ruby","2280"
"2014-09-01 00:00:00","php","13419"
"2014-09-01 00:00:00","swift","1906"
"2014-09-01 00:00:00","r","2369"
"2014-10-01 00:00:00","c#","12567"
"2014-10-01 00:00:00","javascript","18937"
"2014-10-01 00:00:00","java","17922"
"2014-10-01 00:00:00","go","383"
"2014-10-01 00:00:00","c++","6843"
"2014-10-01 00:00:00","php","13659"
"2014-10-01 00:00:00","assembly","392"
"2014-10-01 00:00:00","c","3806"
"2014-10-01 00:00:00","ruby","2344"
"2014-10-01 00:00:00","perl","639"
"2014-10-01 00:00:00","python","9586"
"2014-10-01 00:00:00","delphi","410"
"2014-10-01 00:00:00","swift","2467"
"2014-10-01 00:00:00","r","2780"
"2014-11-01 00:00:00","java","17878"
"2014-11-01 00:00:00","delphi","429"
"2014-11-01 00:00:00","assembly","387"
"2014-11-01 00:00:00","c#","11882"
"2014-11-01 00:00:00","c++","6568"
"2014-11-01 00:00:00","python","9576"
"2014-11-01 00:00:00","c","3675"
"2014-11-01 00:00:00","ruby","2116"
"2014-11-01 00:00:00","javascript","18003"
"2014-11-01 00:00:00","perl","656"
"2014-11-01 00:00:00","swift","2564"
"2014-11-01 00:00:00","go","336"
"2014-11-01 00:00:00","php","13098"
"2014-11-01 00:00:00","r","2708"
"2014-12-01 00:00:00","c++","6082"
"2014-12-01 00:00:00","assembly","328"
"2014-12-01 00:00:00","c#","11095"
"2014-12-01 00:00:00","go","350"
"2014-12-01 00:00:00","php","12400"
"2014-12-01 00:00:00","delphi","314"
"2014-12-01 00:00:00","python","9045"
"2014-12-01 00:00:00","c","3155"
"2014-12-01 00:00:00","javascript","17018"
"2014-12-01 00:00:00","perl","567"
"2014-12-01 00:00:00","ruby","2147"
"2014-12-01 00:00:00","java","16399"
"2014-12-01 00:00:00","swift","2492"
"2014-12-01 00:00:00","r","2360"
"2015-01-01 00:00:00","javascript","18545"
"2015-01-01 00:00:00","c","3213"
"2015-01-01 00:00:00","c#","11762"
"2015-01-01 00:00:00","assembly","334"
"2015-01-01 00:00:00","java","16554"
"2015-01-01 00:00:00","c++","6132"
"2015-01-01 00:00:00","delphi","380"
"2015-01-01 00:00:00","php","13663"
"2015-01-01 00:00:00","go","469"
"2015-01-01 00:00:00","perl","590"
"2015-01-01 00:00:00","python","9684"
"2015-01-01 00:00:00","r","2689"
"2015-01-01 00:00:00","ruby","2430"
"2015-01-01 00:00:00","swift","3058"
"2015-02-01 00:00:00","delphi","416"
"2015-02-01 00:00:00","java","16775"
"2015-02-01 00:00:00","assembly","359"
"2015-02-01 00:00:00","php","13568"
"2015-02-01 00:00:00","c","3367"
"2015-02-01 00:00:00","c++","6481"
"2015-02-01 00:00:00","perl","566"
"2015-02-01 00:00:00","c#","11804"
"2015-02-01 00:00:00","python","10204"
"2015-02-01 00:00:00","javascript","18697"
"2015-02-01 00:00:00","r","2976"
"2015-02-01 00:00:00","go","384"
"2015-02-01 00:00:00","ruby","2258"
"2015-02-01 00:00:00","swift","3243"
"2015-03-01 00:00:00","assembly","386"
"2015-03-01 00:00:00","javascript","20565"
"2015-03-01 00:00:00","c","3919"
"2015-03-01 00:00:00","delphi","410"
"2015-03-01 00:00:00","perl","641"
"2015-03-01 00:00:00","c#","13276"
"2015-03-01 00:00:00","java","19795"
"2015-03-01 00:00:00","go","469"
"2015-03-01 00:00:00","php","14973"
"2015-03-01 00:00:00","python","11617"
"2015-03-01 00:00:00","r","3566"
"2015-03-01 00:00:00","c++","7396"
"2015-03-01 00:00:00","ruby","2462"
"2015-03-01 00:00:00","swift","3603"
"2015-04-01 00:00:00","php","15032"
"2015-04-01 00:00:00","java","19845"
"2015-04-01 00:00:00","c++","7152"
"2015-04-01 00:00:00","c","3952"
"2015-04-01 00:00:00","javascript","20936"
"2015-04-01 00:00:00","assembly","440"
"2015-04-01 00:00:00","c#","13105"
"2015-04-01 00:00:00","go","390"
"2015-04-01 00:00:00","python","11461"
"2015-04-01 00:00:00","perl","577"
"2015-04-01 00:00:00","ruby","2505"
"2015-04-01 00:00:00","delphi","390"
"2015-04-01 00:00:00","swift","4027"
"2015-04-01 00:00:00","r","3328"
"2015-05-01 00:00:00","java","18568"
"2015-05-01 00:00:00","delphi","400"
"2015-05-01 00:00:00","c++","6823"
"2015-05-01 00:00:00","javascript","22177"
"2015-05-01 00:00:00","assembly","369"
"2015-05-01 00:00:00","c#","13372"
"2015-05-01 00:00:00","python","11226"
"2015-05-01 00:00:00","c","3523"
"2015-05-01 00:00:00","r","3429"
"2015-05-01 00:00:00","php","14630"
"2015-05-01 00:00:00","ruby","2505"
"2015-05-01 00:00:00","go","396"
"2015-05-01 00:00:00","perl","530"
"2015-05-01 00:00:00","swift","3813"
"2015-06-01 00:00:00","delphi","388"
"2015-06-01 00:00:00","javascript","22645"
"2015-06-01 00:00:00","perl","579"
"2015-06-01 00:00:00","java","17875"
"2015-06-01 00:00:00","assembly","266"
"2015-06-01 00:00:00","c#","13542"
"2015-06-01 00:00:00","r","3433"
"2015-06-01 00:00:00","c","3171"
"2015-06-01 00:00:00","python","11822"
"2015-06-01 00:00:00","php","14423"
"2015-06-01 00:00:00","go","421"
"2015-06-01 00:00:00","c++","6520"
"2015-06-01 00:00:00","ruby","2578"
"2015-06-01 00:00:00","swift","4336"
"2015-07-01 00:00:00","delphi","385"
"2015-07-01 00:00:00","java","18721"
"2015-07-01 00:00:00","go","468"
"2015-07-01 00:00:00","assembly","260"
"2015-07-01 00:00:00","c#","14136"
"2015-07-01 00:00:00","c++","6708"
"2015-07-01 00:00:00","ruby","2585"
"2015-07-01 00:00:00","c","2816"
"2015-07-01 00:00:00","php","15429"
"2015-07-01 00:00:00","javascript","24003"
"2015-07-01 00:00:00","perl","578"
"2015-07-01 00:00:00","swift","5155"
"2015-07-01 00:00:00","python","12324"
"2015-07-01 00:00:00","r","3984"
"2015-08-01 00:00:00","c#","13238"
"2015-08-01 00:00:00","assembly","219"
"2015-08-01 00:00:00","python","11233"
"2015-08-01 00:00:00","c++","5879"
"2015-08-01 00:00:00","java","17112"
"2015-08-01 00:00:00","go","448"
"2015-08-01 00:00:00","c","2577"
"2015-08-01 00:00:00","delphi","387"
"2015-08-01 00:00:00","javascript","22181"
"2015-08-01 00:00:00","r","3494"
"2015-08-01 00:00:00","ruby","2316"
"2015-08-01 00:00:00","perl","553"
"2015-08-01 00:00:00","swift","5094"
"2015-08-01 00:00:00","php","14288"
"2015-09-01 00:00:00","c","3087"
"2015-09-01 00:00:00","delphi","358"
"2015-09-01 00:00:00","perl","465"
"2015-09-01 00:00:00","javascript","21416"
"2015-09-01 00:00:00","java","16966"
"2015-09-01 00:00:00","go","425"
"2015-09-01 00:00:00","assembly","256"
"2015-09-01 00:00:00","c#","12927"
"2015-09-01 00:00:00","r","3331"
"2015-09-01 00:00:00","python","10978"
"2015-09-01 00:00:00","php","13548"
"2015-09-01 00:00:00","c++","5915"
"2015-09-01 00:00:00","ruby","2163"
"2015-09-01 00:00:00","swift","4561"
"2015-10-01 00:00:00","delphi","421"
"2015-10-01 00:00:00","java","18570"
"2015-10-01 00:00:00","c","3679"
"2015-10-01 00:00:00","c#","12802"
"2015-10-01 00:00:00","assembly","432"
"2015-10-01 00:00:00","c++","7053"
"2015-10-01 00:00:00","go","429"
"2015-10-01 00:00:00","python","12490"
"2015-10-01 00:00:00","perl","499"
"2015-10-01 00:00:00","javascript","21843"
"2015-10-01 00:00:00","r","3682"
"2015-10-01 00:00:00","ruby","2194"
"2015-10-01 00:00:00","php","13954"
"2015-10-01 00:00:00","swift","4315"
"2015-11-01 00:00:00","java","17797"
"2015-11-01 00:00:00","javascript","21293"
"2015-11-01 00:00:00","python","12305"
"2015-11-01 00:00:00","delphi","391"
"2015-11-01 00:00:00","assembly","402"
"2015-11-01 00:00:00","c","3619"
"2015-11-01 00:00:00","c++","7093"
"2015-11-01 00:00:00","c#","12397"
"2015-11-01 00:00:00","perl","464"
"2015-11-01 00:00:00","php","13364"
"2015-11-01 00:00:00","ruby","1958"
"2015-11-01 00:00:00","go","435"
"2015-11-01 00:00:00","r","3541"
"2015-11-01 00:00:00","swift","4326"
"2015-12-01 00:00:00","java","16575"
"2015-12-01 00:00:00","c#","12156"
"2015-12-01 00:00:00","c++","6564"
"2015-12-01 00:00:00","assembly","352"
"2015-12-01 00:00:00","javascript","21102"
"2015-12-01 00:00:00","delphi","314"
"2015-12-01 00:00:00","c","3091"
"2015-12-01 00:00:00","php","13797"
"2015-12-01 00:00:00","perl","478"
"2015-12-01 00:00:00","go","425"
"2015-12-01 00:00:00","r","3180"
"2015-12-01 00:00:00","python","11660"
"2015-12-01 00:00:00","ruby","2029"
"2015-12-01 00:00:00","swift","4383"
"2016-01-01 00:00:00","assembly","248"
"2016-01-01 00:00:00","delphi","318"
"2016-01-01 00:00:00","java","16648"
"2016-01-01 00:00:00","c#","12367"
"2016-01-01 00:00:00","c","3049"
"2016-01-01 00:00:00","go","496"
"2016-01-01 00:00:00","c++","6098"
"2016-01-01 00:00:00","php","14620"
"2016-01-01 00:00:00","perl","446"
"2016-01-01 00:00:00","ruby","2145"
"2016-01-01 00:00:00","javascript","22538"
"2016-01-01 00:00:00","python","12355"
"2016-01-01 00:00:00","swift","4796"
"2016-01-01 00:00:00","r","3537"
"2016-02-01 00:00:00","c#","12745"
"2016-02-01 00:00:00","assembly","350"
"2016-02-01 00:00:00","python","13259"
"2016-02-01 00:00:00","c++","6562"
"2016-02-01 00:00:00","java","17864"
"2016-02-01 00:00:00","go","542"
"2016-02-01 00:00:00","c","3278"
"2016-02-01 00:00:00","delphi","356"
"2016-02-01 00:00:00","javascript","22493"
"2016-02-01 00:00:00","perl","500"
"2016-02-01 00:00:00","ruby","2250"
"2016-02-01 00:00:00","php","14954"
"2016-02-01 00:00:00","swift","4762"
"2016-02-01 00:00:00","r","3598"
"2016-03-01 00:00:00","delphi","340"
"2016-03-01 00:00:00","java","19932"
"2016-03-01 00:00:00","go","595"
"2016-03-01 00:00:00","c#","13620"
"2016-03-01 00:00:00","assembly","435"
"2016-03-01 00:00:00","c","3451"
"2016-03-01 00:00:00","r","4046"
"2016-03-01 00:00:00","python","14070"
"2016-03-01 00:00:00","perl","469"
"2016-03-01 00:00:00","javascript","24110"
"2016-03-01 00:00:00","php","15170"
"2016-03-01 00:00:00","c++","7028"
"2016-03-01 00:00:00","ruby","2262"
"2016-03-01 00:00:00","swift","5085"
"2016-04-01 00:00:00","assembly","412"
"2016-04-01 00:00:00","c#","13727"
"2016-04-01 00:00:00","python","13673"
"2016-04-01 00:00:00","c","3362"
"2016-04-01 00:00:00","java","19507"
"2016-04-01 00:00:00","delphi","324"
"2016-04-01 00:00:00","c++","6900"
"2016-04-01 00:00:00","go","603"
"2016-04-01 00:00:00","perl","493"
"2016-04-01 00:00:00","javascript","23473"
"2016-04-01 00:00:00","ruby","2214"
"2016-04-01 00:00:00","php","14503"
"2016-04-01 00:00:00","r","4129"
"2016-04-01 00:00:00","swift","4770"
"2016-05-01 00:00:00","javascript","23018"
"2016-05-01 00:00:00","c#","13507"
"2016-05-01 00:00:00","c","2723"
"2016-05-01 00:00:00","python","13111"
"2016-05-01 00:00:00","assembly","323"
"2016-05-01 00:00:00","delphi","337"
"2016-05-01 00:00:00","java","17048"
"2016-05-01 00:00:00","ruby","2128"
"2016-05-01 00:00:00","c++","6140"
"2016-05-01 00:00:00","php","14482"
"2016-05-01 00:00:00","r","3801"
"2016-05-01 00:00:00","go","580"
"2016-05-01 00:00:00","perl","486"
"2016-05-01 00:00:00","swift","4440"
"2016-06-01 00:00:00","java","15929"
"2016-06-01 00:00:00","delphi","281"
"2016-06-01 00:00:00","r","3865"
"2016-06-01 00:00:00","php","13666"
"2016-06-01 00:00:00","c","2301"
"2016-06-01 00:00:00","c#","13073"
"2016-06-01 00:00:00","assembly","289"
"2016-06-01 00:00:00","c++","5723"
"2016-06-01 00:00:00","javascript","22161"
"2016-06-01 00:00:00","go","548"
"2016-06-01 00:00:00","perl","440"
"2016-06-01 00:00:00","ruby","2113"
"2016-06-01 00:00:00","python","12911"
"2016-06-01 00:00:00","swift","4806"
"2016-07-01 00:00:00","c++","5475"
"2016-07-01 00:00:00","assembly","201"
"2016-07-01 00:00:00","c#","12009"
"2016-07-01 00:00:00","java","14957"
"2016-07-01 00:00:00","javascript","22217"
"2016-07-01 00:00:00","delphi","243"
"2016-07-01 00:00:00","go","538"
"2016-07-01 00:00:00","c","2350"
"2016-07-01 00:00:00","ruby","1901"
"2016-07-01 00:00:00","php","12950"
"2016-07-01 00:00:00","swift","4946"
"2016-07-01 00:00:00","perl","423"
"2016-07-01 00:00:00","python","12836"
"2016-07-01 00:00:00","r","3745"
"2016-08-01 00:00:00","python","12920"
"2016-08-01 00:00:00","java","15191"
"2016-08-01 00:00:00","assembly","258"
"2016-08-01 00:00:00","javascript","22678"
"2016-08-01 00:00:00","c","2217"
"2016-08-01 00:00:00","c#","12724"
"2016-08-01 00:00:00","perl","461"
"2016-08-01 00:00:00","ruby","1880"
"2016-08-01 00:00:00","delphi","338"
"2016-08-01 00:00:00","c++","5019"
"2016-08-01 00:00:00","php","12909"
"2016-08-01 00:00:00","swift","4912"
"2016-08-01 00:00:00","go","575"
"2016-08-01 00:00:00","r","3787"
"2016-09-01 00:00:00","delphi","288"
"2016-09-01 00:00:00","java","14691"
"2016-09-01 00:00:00","assembly","335"
"2016-09-01 00:00:00","c#","11112"
"2016-09-01 00:00:00","go","512"
"2016-09-01 00:00:00","c","2511"
"2016-09-01 00:00:00","php","12170"
"2016-09-01 00:00:00","python","12340"
"2016-09-01 00:00:00","perl","464"
"2016-09-01 00:00:00","javascript","20470"
"2016-09-01 00:00:00","r","3300"
"2016-09-01 00:00:00","c++","5144"
"2016-09-01 00:00:00","ruby","1926"
"2016-09-01 00:00:00","swift","4877"
"2016-10-01 00:00:00","php","12286"
"2016-10-01 00:00:00","assembly","398"
"2016-10-01 00:00:00","go","533"
"2016-10-01 00:00:00","c#","11459"
"2016-10-01 00:00:00","c++","5977"
"2016-10-01 00:00:00","delphi","268"
"2016-10-01 00:00:00","c","3212"
"2016-10-01 00:00:00","python","13507"
"2016-10-01 00:00:00","javascript","20453"
"2016-10-01 00:00:00","java","15345"
"2016-10-01 00:00:00","ruby","1821"
"2016-10-01 00:00:00","perl","406"
"2016-10-01 00:00:00","swift","4733"
"2016-10-01 00:00:00","r","3788"
"2016-11-01 00:00:00","c","3266"
"2016-11-01 00:00:00","c#","11660"
"2016-11-01 00:00:00","javascript","20527"
"2016-11-01 00:00:00","python","14189"
"2016-11-01 00:00:00","assembly","412"
"2016-11-01 00:00:00","delphi","273"
"2016-11-01 00:00:00","java","15662"
"2016-11-01 00:00:00","ruby","1759"
"2016-11-01 00:00:00","c++","6091"
"2016-11-01 00:00:00","php","11967"
"2016-11-01 00:00:00","r","3562"
"2016-11-01 00:00:00","go","476"
"2016-11-01 00:00:00","perl","376"
"2016-11-01 00:00:00","swift","4367"
"2016-12-01 00:00:00","assembly","313"
"2016-12-01 00:00:00","java","13855"
"2016-12-01 00:00:00","r","3152"
"2016-12-01 00:00:00","delphi","252"
"2016-12-01 00:00:00","perl","338"
"2016-12-01 00:00:00","javascript","19816"
"2016-12-01 00:00:00","c","2799"
"2016-12-01 00:00:00","c#","10692"
"2016-12-01 00:00:00","php","11487"
"2016-12-01 00:00:00","go","497"
"2016-12-01 00:00:00","ruby","1628"
"2016-12-01 00:00:00","python","13061"
"2016-12-01 00:00:00","c++","5234"
"2016-12-01 00:00:00","swift","3940"
"2017-01-01 00:00:00","assembly","305"
"2017-01-01 00:00:00","c++","5650"
"2017-01-01 00:00:00","java","14579"
"2017-01-01 00:00:00","c#","11695"
"2017-01-01 00:00:00","delphi","285"
"2017-01-01 00:00:00","javascript","21420"
"2017-01-01 00:00:00","c","2760"
"2017-01-01 00:00:00","go","561"
"2017-01-01 00:00:00","php","12641"
"2017-01-01 00:00:00","ruby","1823"
"2017-01-01 00:00:00","perl","326"
"2017-01-01 00:00:00","swift","4345"
"2017-01-01 00:00:00","python","14294"
"2017-01-01 00:00:00","r","3493"
"2017-02-01 00:00:00","python","14785"
"2017-02-01 00:00:00","java","14581"
"2017-02-01 00:00:00","assembly","301"
"2017-02-01 00:00:00","javascript","21195"
"2017-02-01 00:00:00","c","2728"
"2017-02-01 00:00:00","c#","11498"
"2017-02-01 00:00:00","perl","403"
"2017-02-01 00:00:00","ruby","1627"
"2017-02-01 00:00:00","delphi","304"
"2017-02-01 00:00:00","c++","5171"
"2017-02-01 00:00:00","php","12518"
"2017-02-01 00:00:00","swift","4068"
"2017-02-01 00:00:00","go","554"
"2017-02-01 00:00:00","r","3682"
"2017-03-01 00:00:00","delphi","304"
"2017-03-01 00:00:00","assembly","374"
"2017-03-01 00:00:00","c++","6229"
"2017-03-01 00:00:00","c","2970"
"2017-03-01 00:00:00","c#","12993"
"2017-03-01 00:00:00","java","17322"
"2017-03-01 00:00:00","python","17135"
"2017-03-01 00:00:00","perl","414"
"2017-03-01 00:00:00","javascript","23725"
"2017-03-01 00:00:00","r","4604"
"2017-03-01 00:00:00","ruby","1791"
"2017-03-01 00:00:00","go","653"
"2017-03-01 00:00:00","swift","4621"
"2017-03-01 00:00:00","php","14087"
"2017-04-01 00:00:00","c#","11096"
"2017-04-01 00:00:00","c","2858"
"2017-04-01 00:00:00","c++","5885"
"2017-04-01 00:00:00","python","15648"
"2017-04-01 00:00:00","javascript","21250"
"2017-04-01 00:00:00","go","507"
"2017-04-01 00:00:00","php","12436"
"2017-04-01 00:00:00","assembly","316"
"2017-04-01 00:00:00","ruby","1489"
"2017-04-01 00:00:00","java","15941"
"2017-04-01 00:00:00","swift","3923"
"2017-04-01 00:00:00","delphi","264"
"2017-04-01 00:00:00","r","4264"
"2017-04-01 00:00:00","perl","371"
"2017-05-01 00:00:00","delphi","319"
"2017-05-01 00:00:00","java","16349"
"2017-05-01 00:00:00","r","4318"
"2017-05-01 00:00:00","php","13049"
"2017-05-01 00:00:00","assembly","349"
"2017-05-01 00:00:00","c","2744"
"2017-05-01 00:00:00","perl","355"
"2017-05-01 00:00:00","c#","11992"
"2017-05-01 00:00:00","python","16189"
"2017-05-01 00:00:00","javascript","22398"
"2017-05-01 00:00:00","c++","5305"
"2017-05-01 00:00:00","go","587"
"2017-05-01 00:00:00","ruby","1520"
"2017-05-01 00:00:00","swift","4102"
"2017-06-01 00:00:00","javascript","21600"
"2017-06-01 00:00:00","perl","315"
"2017-06-01 00:00:00","c","2354"
"2017-06-01 00:00:00","go","575"
"2017-06-01 00:00:00","c#","11308"
"2017-06-01 00:00:00","assembly","240"
"2017-06-01 00:00:00","c++","4691"
"2017-06-01 00:00:00","python","16031"
"2017-06-01 00:00:00","java","14627"
"2017-06-01 00:00:00","r","4450"
"2017-06-01 00:00:00","ruby","1417"
"2017-06-01 00:00:00","delphi","246"
"2017-06-01 00:00:00","swift","4206"
"2017-06-01 00:00:00","php","11774"
"2017-07-01 00:00:00","c#","11210"
"2017-07-01 00:00:00","javascript","21620"
"2017-07-01 00:00:00","python","16923"
"2017-07-01 00:00:00","c","2051"
"2017-07-01 00:00:00","java","14155"
"2017-07-01 00:00:00","php","11794"
"2017-07-01 00:00:00","c++","5025"
"2017-07-01 00:00:00","assembly","221"
"2017-07-01 00:00:00","swift","4355"
"2017-07-01 00:00:00","ruby","1522"
"2017-07-01 00:00:00","delphi","207"
"2017-07-01 00:00:00","perl","332"
"2017-07-01 00:00:00","go","657"
"2017-07-01 00:00:00","r","4586"
"2017-08-01 00:00:00","java","13765"
"2017-08-01 00:00:00","delphi","290"
"2017-08-01 00:00:00","assembly","216"
"2017-08-01 00:00:00","c#","10955"
"2017-08-01 00:00:00","c","2048"
"2017-08-01 00:00:00","python","16468"
"2017-08-01 00:00:00","go","611"
"2017-08-01 00:00:00","c++","4796"
"2017-08-01 00:00:00","javascript","21359"
"2017-08-01 00:00:00","ruby","1394"
"2017-08-01 00:00:00","perl","356"
"2017-08-01 00:00:00","swift","4189"
"2017-08-01 00:00:00","r","4571"
"2017-08-01 00:00:00","php","11666"
"2017-09-01 00:00:00","assembly","229"
"2017-09-01 00:00:00","c#","9877"
"2017-09-01 00:00:00","c","2101"
"2017-09-01 00:00:00","python","15458"
"2017-09-01 00:00:00","java","12762"
"2017-09-01 00:00:00","delphi","262"
"2017-09-01 00:00:00","go","544"
"2017-09-01 00:00:00","c++","4475"
"2017-09-01 00:00:00","perl","298"
"2017-09-01 00:00:00","javascript","19003"
"2017-09-01 00:00:00","r","4224"
"2017-09-01 00:00:00","ruby","1222"
"2017-09-01 00:00:00","php","10707"
"2017-09-01 00:00:00","swift","3780"
"2017-10-01 00:00:00","javascript","19878"
"2017-10-01 00:00:00","c","2786"
"2017-10-01 00:00:00","c#","10238"
"2017-10-01 00:00:00","php","10841"
"2017-10-01 00:00:00","delphi","221"
"2017-10-01 00:00:00","assembly","333"
"2017-10-01 00:00:00","go","618"
"2017-10-01 00:00:00","python","16953"
"2017-10-01 00:00:00","java","14027"
"2017-10-01 00:00:00","ruby","1299"
"2017-10-01 00:00:00","c++","5222"
"2017-10-01 00:00:00","r","4544"
"2017-10-01 00:00:00","perl","333"
"2017-10-01 00:00:00","swift","3906"
"2017-11-01 00:00:00","delphi","200"
"2017-11-01 00:00:00","java","14194"
"2017-11-01 00:00:00","r","4515"
"2017-11-01 00:00:00","php","10611"
"2017-11-01 00:00:00","assembly","384"
"2017-11-01 00:00:00","c","2959"
"2017-11-01 00:00:00","perl","265"
"2017-11-01 00:00:00","c#","9800"
"2017-11-01 00:00:00","python","17000"
"2017-11-01 00:00:00","javascript","19420"
"2017-11-01 00:00:00","c++","5039"
"2017-11-01 00:00:00","go","655"
"2017-11-01 00:00:00","ruby","1177"
"2017-11-01 00:00:00","swift","3677"
"2017-12-01 00:00:00","assembly","247"
"2017-12-01 00:00:00","c++","4462"
"2017-12-01 00:00:00","c#","8616"
"2017-12-01 00:00:00","java","11990"
"2017-12-01 00:00:00","delphi","187"
"2017-12-01 00:00:00","javascript","16990"
"2017-12-01 00:00:00","go","529"
"2017-12-01 00:00:00","c","2199"
"2017-12-01 00:00:00","php","9151"
"2017-12-01 00:00:00","ruby","1022"
"2017-12-01 00:00:00","perl","237"
"2017-12-01 00:00:00","swift","3208"
"2017-12-01 00:00:00","python","14949"
"2017-12-01 00:00:00","r","3719"
"2018-01-01 00:00:00","python","16251"
"2018-01-01 00:00:00","assembly","253"
"2018-01-01 00:00:00","java","12359"
"2018-01-01 00:00:00","javascript","18919"
"2018-01-01 00:00:00","c#","9390"
"2018-01-01 00:00:00","c","2220"
"2018-01-01 00:00:00","c++","4759"
"2018-01-01 00:00:00","ruby","1163"
"2018-01-01 00:00:00","swift","3757"
"2018-01-01 00:00:00","perl","245"
"2018-01-01 00:00:00","delphi","195"
"2018-01-01 00:00:00","php","10137"
"2018-01-01 00:00:00","go","545"
"2018-01-01 00:00:00","r","4200"
"2018-02-01 00:00:00","java","12047"
"2018-02-01 00:00:00","delphi","214"
"2018-02-01 00:00:00","assembly","284"
"2018-02-01 00:00:00","c#","8588"
"2018-02-01 00:00:00","c","2149"
"2018-02-01 00:00:00","python","16329"
"2018-02-01 00:00:00","go","582"
"2018-02-01 00:00:00","c++","4569"
"2018-02-01 00:00:00","javascript","17229"
"2018-02-01 00:00:00","ruby","1031"
"2018-02-01 00:00:00","perl","231"
"2018-02-01 00:00:00","swift","3416"
"2018-02-01 00:00:00","r","4507"
"2018-02-01 00:00:00","php","9144"
"2018-03-01 00:00:00","assembly","318"
"2018-03-01 00:00:00","javascript","19168"
"2018-03-01 00:00:00","c#","9795"
"2018-03-01 00:00:00","c","2472"
"2018-03-01 00:00:00","python","17907"
"2018-03-01 00:00:00","c++","5189"
"2018-03-01 00:00:00","delphi","218"
"2018-03-01 00:00:00","go","612"
"2018-03-01 00:00:00","perl","289"
"2018-03-01 00:00:00","ruby","1063"
"2018-03-01 00:00:00","java","13581"
"2018-03-01 00:00:00","php","9850"
"2018-03-01 00:00:00","r","5106"
"2018-03-01 00:00:00","swift","4065"
"2018-04-01 00:00:00","java","13500"
"2018-04-01 00:00:00","assembly","321"
"2018-04-01 00:00:00","c","2192"
"2018-04-01 00:00:00","c#","9252"
"2018-04-01 00:00:00","javascript","17970"
"2018-04-01 00:00:00","php","8946"
"2018-04-01 00:00:00","c++","4663"
"2018-04-01 00:00:00","delphi","204"
"2018-04-01 00:00:00","perl","254"
"2018-04-01 00:00:00","python","16986"
"2018-04-01 00:00:00","r","4736"
"2018-04-01 00:00:00","go","622"
"2018-04-01 00:00:00","ruby","989"
"2018-04-01 00:00:00","swift","3579"
"2018-05-01 00:00:00","assembly","296"
"2018-05-01 00:00:00","c#","9937"
"2018-05-01 00:00:00","c++","4690"
"2018-05-01 00:00:00","python","17582"
"2018-05-01 00:00:00","go","635"
"2018-05-01 00:00:00","javascript","18079"
"2018-05-01 00:00:00","c","2373"
"2018-05-01 00:00:00","java","13481"
"2018-05-01 00:00:00","delphi","193"
"2018-05-01 00:00:00","ruby","1034"
"2018-05-01 00:00:00","perl","242"
"2018-05-01 00:00:00","swift","3628"
"2018-05-01 00:00:00","php","9487"
"2018-05-01 00:00:00","r","4733"
"2018-06-01 00:00:00","c","1838"
"2018-06-01 00:00:00","c#","8796"
"2018-06-01 00:00:00","assembly","206"
"2018-06-01 00:00:00","c++","4104"
"2018-06-01 00:00:00","java","11803"
"2018-06-01 00:00:00","delphi","186"
"2018-06-01 00:00:00","perl","239"
"2018-06-01 00:00:00","javascript","17198"
"2018-06-01 00:00:00","r","4489"
"2018-06-01 00:00:00","go","676"
"2018-06-01 00:00:00","php","8448"
"2018-06-01 00:00:00","python","16813"
"2018-06-01 00:00:00","ruby","992"
"2018-06-01 00:00:00","swift","3156"
"2018-07-01 00:00:00","delphi","206"
"2018-07-01 00:00:00","java","11773"
"2018-07-01 00:00:00","assembly","182"
"2018-07-01 00:00:00","c#","9415"
"2018-07-01 00:00:00","go","693"
"2018-07-01 00:00:00","c","1603"
"2018-07-01 00:00:00","perl","245"
"2018-07-01 00:00:00","python","17935"
"2018-07-01 00:00:00","r","4407"
"2018-07-01 00:00:00","javascript","17812"
"2018-07-01 00:00:00","php","8570"
"2018-07-01 00:00:00","c++","3918"
"2018-07-01 00:00:00","ruby","942"
"2018-07-01 00:00:00","swift","3679"
"2018-08-01 00:00:00","assembly","181"
"2018-08-01 00:00:00","c#","9529"
"2018-08-01 00:00:00","python","17818"
"2018-08-01 00:00:00","c","1691"
"2018-08-01 00:00:00","java","11373"
"2018-08-01 00:00:00","delphi","205"
"2018-08-01 00:00:00","c++","3932"
"2018-08-01 00:00:00","go","710"
"2018-08-01 00:00:00","perl","227"
"2018-08-01 00:00:00","javascript","17921"
"2018-08-01 00:00:00","ruby","881"
"2018-08-01 00:00:00","php","8539"
"2018-08-01 00:00:00","r","4129"
"2018-08-01 00:00:00","swift","3595"
"2018-09-01 00:00:00","c#","8411"
"2018-09-01 00:00:00","c++","3771"
"2018-09-01 00:00:00","python","16083"
"2018-09-01 00:00:00","c","1856"
"2018-09-01 00:00:00","assembly","262"
"2018-09-01 00:00:00","javascript","16084"
"2018-09-01 00:00:00","delphi","182"
"2018-09-01 00:00:00","go","678"
"2018-09-01 00:00:00","perl","207"
"2018-09-01 00:00:00","php","7740"
"2018-09-01 00:00:00","java","10829"
"2018-09-01 00:00:00","ruby","780"
"2018-09-01 00:00:00","r","3793"
"2018-09-01 00:00:00","swift","3152"
"2018-10-01 00:00:00","delphi","226"
"2018-10-01 00:00:00","java","12625"
"2018-10-01 00:00:00","php","8267"
"2018-10-01 00:00:00","r","4387"
"2018-10-01 00:00:00","c#","9383"
"2018-10-01 00:00:00","c","2480"
"2018-10-01 00:00:00","c++","4343"
"2018-10-01 00:00:00","assembly","327"
"2018-10-01 00:00:00","go","796"
"2018-10-01 00:00:00","javascript","17523"
"2018-10-01 00:00:00","ruby","904"
"2018-10-01 00:00:00","perl","280"
"2018-10-01 00:00:00","swift","3292"
"2018-10-01 00:00:00","python","18251"
"2018-11-01 00:00:00","javascript","16279"
"2018-11-01 00:00:00","go","720"
"2018-11-01 00:00:00","python","18143"
"2018-11-01 00:00:00","c","2564"
"2018-11-01 00:00:00","c#","8537"
"2018-11-01 00:00:00","assembly","310"
"2018-11-01 00:00:00","java","11846"
"2018-11-01 00:00:00","c++","4402"
"2018-11-01 00:00:00","perl","238"
"2018-11-01 00:00:00","ruby","836"
"2018-11-01 00:00:00","delphi","181"
"2018-11-01 00:00:00","swift","2997"
"2018-11-01 00:00:00","r","4269"
"2018-11-01 00:00:00","php","7187"
"2018-12-01 00:00:00","javascript","14384"
"2018-12-01 00:00:00","java","10574"
"2018-12-01 00:00:00","c#","7608"
"2018-12-01 00:00:00","c","2228"
"2018-12-01 00:00:00","php","6310"
"2018-12-01 00:00:00","python","15854"
"2018-12-01 00:00:00","c++","3606"
"2018-12-01 00:00:00","assembly","234"
"2018-12-01 00:00:00","ruby","810"
"2018-12-01 00:00:00","delphi","176"
"2018-12-01 00:00:00","swift","2795"
"2018-12-01 00:00:00","perl","221"
"2018-12-01 00:00:00","go","660"
"2018-12-01 00:00:00","r","3433"
"2019-01-01 00:00:00","delphi","217"
"2019-01-01 00:00:00","java","11065"
"2019-01-01 00:00:00","assembly","220"
"2019-01-01 00:00:00","c#","8776"
"2019-01-01 00:00:00","go","665"
"2019-01-01 00:00:00","c","2298"
"2019-01-01 00:00:00","perl","266"
"2019-01-01 00:00:00","python","16998"
"2019-01-01 00:00:00","r","3962"
"2019-01-01 00:00:00","javascript","16053"
"2019-01-01 00:00:00","php","7232"
"2019-01-01 00:00:00","c++","3920"
"2019-01-01 00:00:00","ruby","917"
"2019-01-01 00:00:00","swift","2914"
"2019-02-01 00:00:00","assembly","225"
"2019-02-01 00:00:00","c#","8361"
"2019-02-01 00:00:00","python","17535"
"2019-02-01 00:00:00","c","2058"
"2019-02-01 00:00:00","java","11006"
"2019-02-01 00:00:00","delphi","189"
"2019-02-01 00:00:00","c++","3738"
"2019-02-01 00:00:00","go","632"
"2019-02-01 00:00:00","perl","252"
"2019-02-01 00:00:00","javascript","15706"
"2019-02-01 00:00:00","ruby","786"
"2019-02-01 00:00:00","php","7297"
"2019-02-01 00:00:00","r","4255"
"2019-02-01 00:00:00","swift","2693"
"2019-03-01 00:00:00","java","12059"
"2019-03-01 00:00:00","c++","4427"
"2019-03-01 00:00:00","delphi","187"
"2019-03-01 00:00:00","assembly","274"
"2019-03-01 00:00:00","javascript","17336"
"2019-03-01 00:00:00","c","2385"
"2019-03-01 00:00:00","c#","8966"
"2019-03-01 00:00:00","php","7805"
"2019-03-01 00:00:00","go","725"
"2019-03-01 00:00:00","perl","232"
"2019-03-01 00:00:00","python","19917"
"2019-03-01 00:00:00","r","4499"
"2019-03-01 00:00:00","ruby","844"
"2019-03-01 00:00:00","swift","2960"
"2019-04-01 00:00:00","delphi","204"
"2019-04-01 00:00:00","javascript","16189"
"2019-04-01 00:00:00","assembly","305"
"2019-04-01 00:00:00","c#","9135"
"2019-04-01 00:00:00","php","7191"
"2019-04-01 00:00:00","c++","4379"
"2019-04-01 00:00:00","c","2432"
"2019-04-01 00:00:00","go","655"
"2019-04-01 00:00:00","java","11178"
"2019-04-01 00:00:00","swift","3088"
"2019-04-01 00:00:00","python","19830"
"2019-04-01 00:00:00","ruby","768"
"2019-04-01 00:00:00","perl","207"
"2019-04-01 00:00:00","r","4600"
"2019-05-01 00:00:00","c#","9032"
"2019-05-01 00:00:00","assembly","238"
"2019-05-01 00:00:00","c","2096"
"2019-05-01 00:00:00","delphi","170"
"2019-05-01 00:00:00","javascript","16153"
"2019-05-01 00:00:00","perl","222"
"2019-05-01 00:00:00","java","11116"
"2019-05-01 00:00:00","go","675"
"2019-05-01 00:00:00","c++","4127"
"2019-05-01 00:00:00","php","6966"
"2019-05-01 00:00:00","r","4296"
"2019-05-01 00:00:00","python","18916"
"2019-05-01 00:00:00","swift","3116"
"2019-05-01 00:00:00","ruby","759"
"2019-06-01 00:00:00","java","9657"
"2019-06-01 00:00:00","javascript","14826"
"2019-06-01 00:00:00","c#","7612"
"2019-06-01 00:00:00","go","530"
"2019-06-01 00:00:00","assembly","199"
"2019-06-01 00:00:00","php","6021"
"2019-06-01 00:00:00","c++","3646"
"2019-06-01 00:00:00","c","1728"
"2019-06-01 00:00:00","python","17243"
"2019-06-01 00:00:00","perl","236"
"2019-06-01 00:00:00","ruby","704"
"2019-06-01 00:00:00","delphi","134"
"2019-06-01 00:00:00","swift","3098"
"2019-06-01 00:00:00","r","3954"
"2019-07-01 00:00:00","delphi","164"
"2019-07-01 00:00:00","assembly","187"
"2019-07-01 00:00:00","c++","4267"
"2019-07-01 00:00:00","c","1760"
"2019-07-01 00:00:00","c#","8452"
"2019-07-01 00:00:00","java","10851"
"2019-07-01 00:00:00","python","19777"
"2019-07-01 00:00:00","perl","237"
"2019-07-01 00:00:00","javascript","16169"
"2019-07-01 00:00:00","r","4210"
"2019-07-01 00:00:00","ruby","758"
"2019-07-01 00:00:00","go","637"
"2019-07-01 00:00:00","swift","3052"
"2019-07-01 00:00:00","php","6680"
"2019-08-01 00:00:00","c#","7719"
"2019-08-01 00:00:00","c","1555"
"2019-08-01 00:00:00","c++","3298"
"2019-08-01 00:00:00","python","18057"
"2019-08-01 00:00:00","delphi","174"
"2019-08-01 00:00:00","go","636"
"2019-08-01 00:00:00","javascript","15233"
"2019-08-01 00:00:00","assembly","168"
"2019-08-01 00:00:00","php","5817"
"2019-08-01 00:00:00","java","9107"
"2019-08-01 00:00:00","ruby","779"
"2019-08-01 00:00:00","perl","195"
"2019-08-01 00:00:00","swift","2555"
"2019-08-01 00:00:00","r","3954"
"2019-09-01 00:00:00","java","9690"
"2019-09-01 00:00:00","c","2008"
"2019-09-01 00:00:00","c#","7851"
"2019-09-01 00:00:00","assembly","220"
"2019-09-01 00:00:00","javascript","14893"
"2019-09-01 00:00:00","c++","3780"
"2019-09-01 00:00:00","delphi","145"
"2019-09-01 00:00:00","php","5580"
"2019-09-01 00:00:00","go","622"
"2019-09-01 00:00:00","perl","199"
"2019-09-01 00:00:00","python","16895"
"2019-09-01 00:00:00","r","3946"
"2019-09-01 00:00:00","ruby","720"
"2019-09-01 00:00:00","swift","2563"
"2019-10-01 00:00:00","c#","8423"
"2019-10-01 00:00:00","assembly","317"
"2019-10-01 00:00:00","c++","4842"
"2019-10-01 00:00:00","python","20470"
"2019-10-01 00:00:00","javascript","15995"
"2019-10-01 00:00:00","go","642"
"2019-10-01 00:00:00","c","2484"
"2019-10-01 00:00:00","delphi","153"
"2019-10-01 00:00:00","java","11234"
"2019-10-01 00:00:00","perl","209"
"2019-10-01 00:00:00","ruby","850"
"2019-10-01 00:00:00","php","6096"
"2019-10-01 00:00:00","swift","3110"
"2019-10-01 00:00:00","r","4386"
"2019-11-01 00:00:00","assembly","282"
"2019-11-01 00:00:00","c","2515"
"2019-11-01 00:00:00","c#","8036"
"2019-11-01 00:00:00","c++","4734"
"2019-11-01 00:00:00","perl","223"
"2019-11-01 00:00:00","java","10340"
"2019-11-01 00:00:00","delphi","172"
"2019-11-01 00:00:00","javascript","15762"
"2019-11-01 00:00:00","php","6105"
"2019-11-01 00:00:00","r","4292"
"2019-11-01 00:00:00","go","611"
"2019-11-01 00:00:00","python","20634"
"2019-11-01 00:00:00","ruby","684"
"2019-11-01 00:00:00","swift","2894"
"2019-12-01 00:00:00","assembly","246"
"2019-12-01 00:00:00","delphi","128"
"2019-12-01 00:00:00","java","9059"
"2019-12-01 00:00:00","c#","7221"
"2019-12-01 00:00:00","go","621"
"2019-12-01 00:00:00","python","18142"
"2019-12-01 00:00:00","c","2154"
"2019-12-01 00:00:00","c++","4210"
"2019-12-01 00:00:00","perl","158"
"2019-12-01 00:00:00","ruby","669"
"2019-12-01 00:00:00","javascript","14322"
"2019-12-01 00:00:00","swift","2678"
"2019-12-01 00:00:00","r","3746"
"2019-12-01 00:00:00","php","5249"
"2020-01-01 00:00:00","assembly","228"
"2020-01-01 00:00:00","c#","7827"
"2020-01-01 00:00:00","c","2054"
"2020-01-01 00:00:00","python","20021"
"2020-01-01 00:00:00","java","9995"
"2020-01-01 00:00:00","delphi","166"
"2020-01-01 00:00:00","perl","165"
"2020-01-01 00:00:00","c++","4244"
"2020-01-01 00:00:00","r","4153"
"2020-01-01 00:00:00","go","652"
"2020-01-01 00:00:00","ruby","765"
"2020-01-01 00:00:00","javascript","16056"
"2020-01-01 00:00:00","swift","2907"
"2020-01-01 00:00:00","php","5920"
"2020-02-01 00:00:00","c#","7731"
"2020-02-01 00:00:00","c","1992"
"2020-02-01 00:00:00","c++","4103"
"2020-02-01 00:00:00","python","20085"
"2020-02-01 00:00:00","delphi","156"
"2020-02-01 00:00:00","go","666"
"2020-02-01 00:00:00","javascript","15784"
"2020-02-01 00:00:00","assembly","270"
"2020-02-01 00:00:00","php","5705"
"2020-02-01 00:00:00","java","10076"
"2020-02-01 00:00:00","ruby","654"
"2020-02-01 00:00:00","perl","180"
"2020-02-01 00:00:00","swift","2767"
"2020-02-01 00:00:00","r","4694"
"2020-03-01 00:00:00","java","11096"
"2020-03-01 00:00:00","go","659"
"2020-03-01 00:00:00","c","2495"
"2020-03-01 00:00:00","delphi","168"
"2020-03-01 00:00:00","c#","7805"
"2020-03-01 00:00:00","python","22771"
"2020-03-01 00:00:00","c++","4660"
"2020-03-01 00:00:00","assembly","297"
"2020-03-01 00:00:00","javascript","17608"
"2020-03-01 00:00:00","perl","199"
"2020-03-01 00:00:00","r","5125"
"2020-03-01 00:00:00","php","5704"
"2020-03-01 00:00:00","swift","2926"
"2020-03-01 00:00:00","ruby","712"
"2020-04-01 00:00:00","java","12670"
"2020-04-01 00:00:00","assembly","378"
"2020-04-01 00:00:00","c++","6240"
"2020-04-01 00:00:00","c#","8610"
"2020-04-01 00:00:00","c","3256"
"2020-04-01 00:00:00","delphi","232"
"2020-04-01 00:00:00","javascript","20961"
"2020-04-01 00:00:00","go","803"
"2020-04-01 00:00:00","perl","220"
"2020-04-01 00:00:00","php","6687"
"2020-04-01 00:00:00","ruby","770"
"2020-04-01 00:00:00","python","27710"
"2020-04-01 00:00:00","swift","3465"
"2020-04-01 00:00:00","r","6175"
"2020-05-01 00:00:00","java","12087"
"2020-05-01 00:00:00","c#","8628"
"2020-05-01 00:00:00","assembly","356"
"2020-05-01 00:00:00","delphi","201"
"2020-05-01 00:00:00","c","3386"
"2020-05-01 00:00:00","javascript","21541"
"2020-05-01 00:00:00","go","765"
"2020-05-01 00:00:00","c++","6442"
"2020-05-01 00:00:00","php","6577"
"2020-05-01 00:00:00","python","29546"
"2020-05-01 00:00:00","perl","215"
"2020-05-01 00:00:00","ruby","697"
"2020-05-01 00:00:00","r","6022"
"2020-05-01 00:00:00","swift","3535"
"2020-06-01 00:00:00","delphi","202"
"2020-06-01 00:00:00","java","10862"
"2020-06-01 00:00:00","c++","5641"
"2020-06-01 00:00:00","c","2601"
"2020-06-01 00:00:00","php","5973"
"2020-06-01 00:00:00","assembly","329"
"2020-06-01 00:00:00","c#","7924"
"2020-06-01 00:00:00","go","713"
"2020-06-01 00:00:00","javascript","19898"
"2020-06-01 00:00:00","perl","199"
"2020-06-01 00:00:00","python","27203"
"2020-06-01 00:00:00","r","5450"
"2020-06-01 00:00:00","ruby","615"
"2020-06-01 00:00:00","swift","3182"
"2020-07-01 00:00:00","delphi","194"
"2020-07-01 00:00:00","java","10498"
"2020-07-01 00:00:00","javascript","19950"
"2020-07-01 00:00:00","c++","5186"
"2020-07-01 00:00:00","c#","7837"
"2020-07-01 00:00:00","assembly","275"
"2020-07-01 00:00:00","c","2107"
"2020-07-01 00:00:00","python","26363"
"2020-07-01 00:00:00","php","5992"
"2020-07-01 00:00:00","r","4944"
"2020-07-01 00:00:00","go","648"
"2020-07-01 00:00:00","ruby","698"
"2020-07-01 00:00:00","perl","176"
"2020-07-01 00:00:00","swift","3002"
"2020-08-01 00:00:00","delphi","182"
"2020-08-01 00:00:00","javascript","18112"
"2020-08-01 00:00:00","perl","192"
"2020-08-01 00:00:00","java","9387"
"2020-08-01 00:00:00","assembly","265"
"2020-08-01 00:00:00","c#","7102"
"2020-08-01 00:00:00","r","4507"
"2020-08-01 00:00:00","c","1899"
"2020-08-01 00:00:00","python","23154"
"2020-08-01 00:00:00","php","5022"
"2020-08-01 00:00:00","c++","4798"
"2020-08-01 00:00:00","go","716"
"2020-08-01 00:00:00","ruby","554"
"2020-08-01 00:00:00","swift","2703"
"2020-09-01 00:00:00","java","9003"
"2020-09-01 00:00:00","delphi","172"
"2020-09-01 00:00:00","c","2176"
"2020-09-01 00:00:00","c#","6495"
"2020-09-01 00:00:00","javascript","16834"
"2020-09-01 00:00:00","assembly","297"
"2020-09-01 00:00:00","c++","3950"
"2020-09-01 00:00:00","go","736"
"2020-09-01 00:00:00","r","4772"
"2020-09-01 00:00:00","perl","165"
"2020-09-01 00:00:00","ruby","517"
"2020-09-01 00:00:00","python","21863"
"2020-09-01 00:00:00","swift","2580"
"2020-09-01 00:00:00","php","4808"
"2020-10-01 00:00:00","c#","6269"
"2020-10-01 00:00:00","c++","4364"
"2020-10-01 00:00:00","python","23112"
"2020-10-01 00:00:00","assembly","347"
"2020-10-01 00:00:00","java","9099"
"2020-10-01 00:00:00","c","2401"
"2020-10-01 00:00:00","go","603"
"2020-10-01 00:00:00","javascript","16665"
"2020-10-01 00:00:00","delphi","182"
"2020-10-01 00:00:00","ruby","498"
"2020-10-01 00:00:00","r","5120"
"2020-10-01 00:00:00","swift","2376"
"2020-10-01 00:00:00","perl","173"
"2020-10-01 00:00:00","php","4670"
"2020-11-01 00:00:00","c","2891"
"2020-11-01 00:00:00","delphi","209"
"2020-11-01 00:00:00","go","598"
"2020-11-01 00:00:00","javascript","18087"
"2020-11-01 00:00:00","java","10229"
"2020-11-01 00:00:00","c#","6773"
"2020-11-01 00:00:00","assembly","410"
"2020-11-01 00:00:00","python","25845"
"2020-11-01 00:00:00","perl","151"
"2020-11-01 00:00:00","c++","4710"
"2020-11-01 00:00:00","php","5493"
"2020-11-01 00:00:00","ruby","583"
"2020-11-01 00:00:00","r","5661"
"2020-11-01 00:00:00","swift","2617"
"2020-12-01 00:00:00","delphi","212"
"2020-12-01 00:00:00","javascript","18487"
"2020-12-01 00:00:00","assembly","313"
"2020-12-01 00:00:00","c#","6477"
"2020-12-01 00:00:00","c","2779"
"2020-12-01 00:00:00","c++","4814"
"2020-12-01 00:00:00","java","9318"
"2020-12-01 00:00:00","python","25468"
"2020-12-01 00:00:00","go","580"
"2020-12-01 00:00:00","php","5534"
"2020-12-01 00:00:00","perl","131"
"2020-12-01 00:00:00","ruby","559"
"2020-12-01 00:00:00","r","4989"
"2020-12-01 00:00:00","swift","2443"
"2021-01-01 00:00:00","java","9543"
"2021-01-01 00:00:00","javascript","19519"
"2021-01-01 00:00:00","c++","4508"
"2021-01-01 00:00:00","delphi","211"
"2021-01-01 00:00:00","assembly","331"
"2021-01-01 00:00:00","c","2735"
"2021-01-01 00:00:00","python","26323"
"2021-01-01 00:00:00","c#","6929"
"2021-01-01 00:00:00","r","5038"
"2021-01-01 00:00:00","php","5636"
"2021-01-01 00:00:00","ruby","587"
"2021-01-01 00:00:00","go","605"
"2021-01-01 00:00:00","perl","146"
"2021-01-01 00:00:00","swift","2764"
"2021-02-01 00:00:00","delphi","201"
"2021-02-01 00:00:00","javascript","17941"
"2021-02-01 00:00:00","perl","133"
"2021-02-01 00:00:00","java","9150"
"2021-02-01 00:00:00","assembly","256"
"2021-02-01 00:00:00","c#","6591"
"2021-02-01 00:00:00","r","5035"
"2021-02-01 00:00:00","c","2358"
"2021-02-01 00:00:00","python","24964"
"2021-02-01 00:00:00","php","5245"
"2021-02-01 00:00:00","c++","4460"
"2021-02-01 00:00:00","go","628"
"2021-02-01 00:00:00","ruby","603"
"2021-02-01 00:00:00","swift","2724"
"2021-03-01 00:00:00","assembly","339"
"2021-03-01 00:00:00","c++","4722"
"2021-03-01 00:00:00","c","2654"
"2021-03-01 00:00:00","c#","7310"
"2021-03-01 00:00:00","delphi","271"
"2021-03-01 00:00:00","javascript","19801"
"2021-03-01 00:00:00","java","10418"
"2021-03-01 00:00:00","go","826"
"2021-03-01 00:00:00","php","5569"
"2021-03-01 00:00:00","ruby","569"
"2021-03-01 00:00:00","python","28150"
"2021-03-01 00:00:00","swift","2905"
"2021-03-01 00:00:00","perl","154"
"2021-03-01 00:00:00","r","6081"
"2021-04-01 00:00:00","java","9508"
"2021-04-01 00:00:00","c#","6748"
"2021-04-01 00:00:00","perl","143"
"2021-04-01 00:00:00","javascript","18639"
"2021-04-01 00:00:00","assembly","343"
"2021-04-01 00:00:00","c++","4335"
"2021-04-01 00:00:00","c","2452"
"2021-04-01 00:00:00","php","5104"
"2021-04-01 00:00:00","python","26516"
"2021-04-01 00:00:00","swift","2523"
"2021-04-01 00:00:00","r","5612"
"2021-04-01 00:00:00","ruby","605"
"2021-04-01 00:00:00","delphi","186"
"2021-04-01 00:00:00","go","684"
"2021-05-01 00:00:00","c++","4592"
"2021-05-01 00:00:00","delphi","179"
"2021-05-01 00:00:00","java","9693"
"2021-05-01 00:00:00","c","2251"
"2021-05-01 00:00:00","python","26094"
"2021-05-01 00:00:00","c#","6550"
"2021-05-01 00:00:00","assembly","326"
"2021-05-01 00:00:00","go","699"
"2021-05-01 00:00:00","swift","2209"
"2021-05-01 00:00:00","javascript","18443"
"2021-05-01 00:00:00","perl","122"
"2021-05-01 00:00:00","r","5400"
"2021-05-01 00:00:00","ruby","446"
"2021-05-01 00:00:00","php","5086"
"2021-06-01 00:00:00","php","4878"
"2021-06-01 00:00:00","c#","6430"
"2021-06-01 00:00:00","go","645"
"2021-06-01 00:00:00","assembly","279"
"2021-06-01 00:00:00","c++","4180"
"2021-06-01 00:00:00","python","24599"
"2021-06-01 00:00:00","c","2005"
"2021-06-01 00:00:00","delphi","133"
"2021-06-01 00:00:00","javascript","17668"
"2021-06-01 00:00:00","java","9233"
"2021-06-01 00:00:00","ruby","470"
"2021-06-01 00:00:00","perl","157"
"2021-06-01 00:00:00","swift","2121"
"2021-06-01 00:00:00","r","4951"
"2021-07-01 00:00:00","delphi","147"
"2021-07-01 00:00:00","perl","140"
"2021-07-01 00:00:00","php","4637"
"2021-07-01 00:00:00","java","8374"
"2021-07-01 00:00:00","c#","5945"
"2021-07-01 00:00:00","assembly","190"
"2021-07-01 00:00:00","c++","3801"
"2021-07-01 00:00:00","c","1721"
"2021-07-01 00:00:00","go","652"
"2021-07-01 00:00:00","r","4681"
"2021-07-01 00:00:00","ruby","500"
"2021-07-01 00:00:00","javascript","17416"
"2021-07-01 00:00:00","swift","2278"
"2021-07-01 00:00:00","python","24199"
"2021-08-01 00:00:00","java","8002"
"2021-08-01 00:00:00","assembly","167"
"2021-08-01 00:00:00","go","788"
"2021-08-01 00:00:00","c","1633"
"2021-08-01 00:00:00","c#","5784"
"2021-08-01 00:00:00","delphi","141"
"2021-08-01 00:00:00","python","23249"
"2021-08-01 00:00:00","c++","3490"
"2021-08-01 00:00:00","javascript","17133"
"2021-08-01 00:00:00","perl","119"
"2021-08-01 00:00:00","r","4586"
"2021-08-01 00:00:00","php","4630"
"2021-08-01 00:00:00","swift","2216"
"2021-08-01 00:00:00","ruby","508"
"2021-09-01 00:00:00","java","7918"
"2021-09-01 00:00:00","c++","3959"
"2021-09-01 00:00:00","assembly","199"
"2021-09-01 00:00:00","c#","5830"
"2021-09-01 00:00:00","c","1824"
"2021-09-01 00:00:00","javascript","16889"
"2021-09-01 00:00:00","delphi","144"
"2021-09-01 00:00:00","go","669"
"2021-09-01 00:00:00","perl","116"
"2021-09-01 00:00:00","ruby","509"
"2021-09-01 00:00:00","php","4395"
"2021-09-01 00:00:00","swift","1960"
"2021-09-01 00:00:00","python","22205"
"2021-09-01 00:00:00","r","4358"